Timestamp,IMU_Packages_per_sec,Odom_Packages_per_sec,Send_Packages_per_sec,Yaw_Angle,Left_Velocity_mps,Right_Velocity_mps,x,y,quaternion_yaw,Left_Velocity_LOS,Right_Velocity_LOS,theta_yaw
2026-06-06 16:40:59.804,0,1,1,0.00,0.0000,0.0000,0.0000,0.0000,0.0000,0.0000,0.0000,0.0000
2026-06-06 16:40:59.904,0,2,2,0.00,0.0004,0.0000,0.0000,0.0000,0.0000,0.0000,0.0000,0.0000
2026-06-06 16:41:00.004,0,2,2,0.00,0.0000,-0.0001,0.0000,0.0000,0.0000,0.0000,0.0000,0.0000
2026-06-06 16:41:00.104,0,2,2,0.00,0.0000,0.0000,0.0000,0.0000,0.0000,0.0000,0.0000,0.0000
2026-06-06 16:41:00.204,0,2,2,0.00,-0.0001,0.0005,0.0000,0.0000,0.0000,0.0000,0.0000,0.0000
2026-06-06 16:41:00.305,0,2,2,0.00,-0.0001,0.0000,0.0000,0.0000,0.0000,0.0000,0.0000,0.0000
2026-06-06 16:41:00.404,0,2,2,0.00,0.0001,-0.0001,0.0000,0.0000,0.0000,0.0000,0.0000,0.0000
2026-06-06 16:41:00.504,0,2,2,0.00,0.0000,0.0001,0.0000,0.0000,0.0000,0.0000,0.0000,0.0000
2026-06-06 16:41:00.604,0,2,2,0.00,0.0000,0.0000,0.0000,0.0000,0.0000,0.0000,0.0000,0.0000
2026-06-06 16:41:00.704,0,2,2,0.00,0.0001,-0.0001,0.0000,0.0000,0.0000,0.0000,0.0000,0.0000
2026-06-06 16:41:00.805,0,2,2,0.00,0.0001,0.0001,0.0000,0.0000,0.0000,0.0000,0.0000,0.0000
2026-06-06 16:41:00.904,0,2,2,0.00,0.0000,-0.0001,0.0000,0.0000,0.0000,0.0000,0.0000,0.0000
2026-06-06 16:41:01.004,0,2,2,0.00,-0.0003,0.0004,0.0000,0.0000,0.0000,0.0000,0.0000,0.0000
2026-06-06 16:41:01.105,0,2,2,0.00,0.0003,0.0000,0.0000,0.0000,0.0000,0.0000,0.0000,0.0000
2026-06-06 16:41:01.204,0,1,2,0.00,0.0003,-0.0001,0.0000,0.0000,0.0000,0.0000,0.0000,0.0000
2026-06-06 16:41:01.304,0,2,2,0.00,0.0001,0.0000,0.0000,0.0000,0.0000,0.0000,0.0000,0.0000
2026-06-06 16:41:01.404,0,2,2,0.00,-0.0003,0.0000,0.0000,0.0000,0.0000,0.0000,0.0000,0.0000
2026-06-06 16:41:01.504,0,2,2,0.00,-0.0001,-0.0001,0.0000,0.0000,0.0000,0.0000,0.0000,0.0000
2026-06-06 16:41:01.604,0,2,2,0.00,0.0001,0.0001,0.0000,0.0000,0.0000,0.0000,0.0000,0.0000
2026-06-06 16:41:01.704,0,2,2,0.00,0.0000,-0.0003,0.0000,0.0000,0.0000,0.0000,0.0000,0.0000
2026-06-06 16:41:01.804,0,2,2,0.00,0.0003,0.0000,0.0000,0.0000,0.0000,0.0000,0.0000,0.0000
2026-06-06 16:41:01.904,0,2,2,0.00,0.0000,0.0000,0.0000,0.0000,0.0000,0.0000,0.0000,0.0000
2026-06-06 16:41:02.004,0,2,2,0.00,-0.0001,0.0001,0.0000,0.0000,0.0000,0.0000,0.0000,0.0000
2026-06-06 16:41:02.104,0,2,2,0.00,0.0000,0.0000,0.0000,0.0000,0.0000,0.0000,0.0000,0.0000
2026-06-06 16:41:02.205,0,2,2,0.00,0.0000,0.0000,0.0000,0.0000,0.0000,0.0000,0.0000,0.0000
2026-06-06 16:41:02.304,0,2,2,0.00,-0.0005,0.0001,0.0000,0.0000,0.0000,0.0000,0.0000,0.0000
2026-06-06 16:41:02.404,0,1,2,0.00,0.0001,0.0003,0.0000,0.0000,0.0000,0.0000,0.0000,0.0000
2026-06-06 16:41:02.504,0,2,2,0.00,0.0000,-0.0001,0.0000,0.0000,0.0000,-0.0000,0.0000,0.0000
2026-06-06 16:41:02.604,0,2,2,0.00,0.0000,0.0003,0.0000,0.0000,0.0000,-0.0000,0.0000,0.0000
2026-06-06 16:41:02.704,0,2,2,0.00,0.0000,0.0000,0.0000,0.0000,0.0000,-0.0000,0.0000,0.0000
2026-06-06 16:41:02.804,0,2,2,0.00,-0.0001,0.0000,0.0000,0.0000,0.0000,-0.0000,0.0000,0.0000
2026-06-06 16:41:02.904,0,2,2,0.00,0.0000,0.0000,0.0000,0.0000,0.0000,-0.0000,0.0000,0.0000
2026-06-06 16:41:03.004,0,2,2,0.00,0.0000,0.0001,0.0000,0.0000,0.0000,-0.0000,0.0000,0.0000
2026-06-06 16:41:03.104,0,2,2,0.00,0.0000,-0.0004,0.0000,0.0000,0.0000,-0.0000,0.0000,0.0000
2026-06-06 16:41:03.204,0,2,2,0.00,0.0000,0.0001,0.0000,0.0000,0.0000,-0.0000,0.0000,0.0000
2026-06-06 16:41:03.304,0,2,2,0.00,0.0000,0.0000,0.0000,0.0000,0.0000,-0.0000,0.0000,0.0000
2026-06-06 16:41:03.404,0,2,2,0.00,0.0000,-0.0001,0.0000,0.0000,0.0000,-0.0000,0.0000,0.0000
2026-06-06 16:41:03.504,0,2,2,0.00,0.0000,0.0000,0.0000,0.0000,0.0000,-0.0000,0.0000,0.0000
2026-06-06 16:41:03.605,0,2,2,0.00,0.0000,0.0000,0.0000,0.0000,0.0000,-0.0000,0.0000,0.0000
2026-06-06 16:41:03.704,0,2,2,0.00,0.0000,0.0000,0.0000,0.0000,0.0000,-0.0000,0.0000,0.0000
2026-06-06 16:41:03.804,0,2,2,0.00,0.0000,0.0001,0.0000,0.0000,0.0000,-0.0000,0.0000,0.0000
2026-06-06 16:41:03.906,0,2,2,0.00,0.0000,0.0000,0.0000,0.0000,0.0000,-0.0000,0.0000,0.0000
2026-06-06 16:41:04.004,0,1,2,0.00,0.0000,0.0000,0.0000,0.0000,0.0000,-0.0000,0.0000,0.0000
2026-06-06 16:41:04.104,0,2,2,0.00,0.0000,0.0001,0.0000,0.0000,0.0000,-0.0000,0.0000,0.0000
2026-06-06 16:41:04.204,0,2,2,0.00,0.0008,0.0003,0.0000,0.0000,0.0000,-0.0000,0.0000,0.0000
2026-06-06 16:41:04.304,0,2,2,0.00,0.0000,0.0000,0.0000,0.0000,0.0000,-0.0000,0.0000,0.0000
2026-06-06 16:41:04.405,0,2,2,0.00,0.0003,0.0000,0.0000,0.0000,0.0000,-0.0000,0.0000,0.0000
2026-06-06 16:41:04.504,0,1,2,0.00,-0.0001,0.0001,0.0000,0.0000,0.0000,-0.0000,0.0000,0.0000
2026-06-06 16:41:04.604,0,2,2,0.00,-0.0001,-0.0001,0.0000,0.0000,0.0000,-0.0000,0.0000,0.0000
2026-06-06 16:41:04.704,0,2,2,0.00,0.0004,0.0000,0.0000,0.0000,0.0000,-0.0000,0.0000,0.0000
2026-06-06 16:41:04.804,0,2,2,0.00,-0.0001,0.0000,0.0000,0.0000,0.0000,-0.0000,0.0000,0.0000
2026-06-06 16:41:04.904,0,2,2,0.00,-0.0001,-0.0001,0.0000,0.0000,0.0000,-0.0000,0.0000,0.0000
2026-06-06 16:41:05.004,0,2,2,0.00,-0.0001,0.0000,0.0000,0.0000,0.0000,-0.0000,0.0000,0.0000
2026-06-06 16:41:05.104,0,2,2,0.00,0.0000,-0.0001,0.0000,0.0000,0.0000,-0.0000,0.0000,0.0000
2026-06-06 16:41:05.204,0,2,2,0.00,-0.0001,-0.0001,0.0000,0.0000,0.0000,-0.0000,0.0000,0.0000
2026-06-06 16:41:05.304,0,2,2,0.00,0.0000,0.0001,0.0000,0.0000,0.0000,-0.0000,0.0000,0.0000
2026-06-06 16:41:05.404,0,2,2,0.00,0.0003,0.0001,0.0000,0.0000,0.0000,-0.0000,0.0000,0.0000
2026-06-06 16:41:05.504,0,2,2,0.00,0.0000,0.0000,0.0000,0.0000,0.0000,-0.0000,0.0000,0.0000
2026-06-06 16:41:05.604,0,2,2,0.00,0.0000,0.0000,0.0000,0.0000,0.0000,-0.0000,0.0000,0.0000
2026-06-06 16:41:05.704,0,2,2,0.00,0.0000,0.0000,0.0000,0.0000,0.0000,-0.0000,0.0000,0.0000
2026-06-06 16:41:05.804,0,2,2,0.00,0.0000,0.0000,0.0000,0.0000,0.0000,-0.0000,0.0000,0.0000
2026-06-06 16:41:05.904,0,2,2,0.00,0.0001,0.0000,0.0000,0.0000,0.0000,-0.0000,0.0000,0.0000
2026-06-06 16:41:06.004,0,2,2,0.00,0.0000,0.0000,0.0000,0.0000,0.0000,-0.0000,0.0000,0.0000
2026-06-06 16:41:06.104,0,2,2,0.00,0.0000,-0.0004,0.0000,0.0000,0.0000,-0.0000,0.0000,0.0000
2026-06-06 16:41:06.204,0,2,2,0.00,0.0003,0.0000,0.0000,0.0000,0.0000,-0.0000,0.0000,0.0000
2026-06-06 16:41:06.304,0,2,2,0.00,0.0000,0.0000,0.0000,0.0000,0.0000,-0.0000,0.0000,0.0000
2026-06-06 16:41:06.404,0,2,2,0.00,-0.0001,0.0001,0.0000,0.0000,0.0000,-0.0000,0.0000,0.0000
2026-06-06 16:41:06.504,0,2,2,0.00,-0.0001,0.0001,0.0000,0.0000,0.0000,-0.0000,0.0000,0.0000
2026-06-06 16:41:06.604,0,2,2,0.00,0.0001,-0.0003,0.0000,0.0000,0.0000,-0.0000,0.0000,0.0000
2026-06-06 16:41:06.704,0,2,2,0.00,0.0001,0.0000,0.0000,0.0000,0.0000,-0.0000,0.0000,0.0000
2026-06-06 16:41:06.804,0,2,2,0.00,0.0003,-0.0001,0.0000,0.0000,0.0000,-0.0000,0.0000,0.0000
2026-06-06 16:41:06.904,0,2,2,0.00,0.0000,0.0000,0.0000,0.0000,0.0000,-0.0000,0.0000,0.0000
2026-06-06 16:41:07.005,0,2,2,0.00,0.0000,-0.0003,0.0000,0.0000,0.0000,-0.0000,0.0000,0.0000
2026-06-06 16:41:07.104,0,2,2,0.00,0.0001,-0.0001,0.0000,0.0000,0.0000,-0.0000,0.0000,0.0000
2026-06-06 16:41:07.204,0,2,2,0.00,-0.0001,-0.0001,0.0000,0.0000,0.0000,-0.0000,0.0000,0.0000
2026-06-06 16:41:07.304,0,2,2,0.00,0.0001,0.0003,0.0000,0.0000,0.0000,-0.0000,0.0000,0.0000
2026-06-06 16:41:07.404,0,2,2,0.00,0.0000,-0.0005,0.0000,0.0000,0.0000,-0.0000,0.0000,0.0000
2026-06-06 16:41:07.504,0,2,2,0.00,0.0001,0.0000,0.0000,0.0000,0.0000,-0.0000,0.0000,0.0000
2026-06-06 16:41:07.604,0,2,2,0.00,0.0000,0.0000,0.0000,0.0000,0.0000,-0.0000,0.0000,0.0000
2026-06-06 16:41:07.704,0,2,2,0.00,-0.0001,0.0001,0.0000,0.0000,0.0000,-0.0000,0.0000,0.0000
2026-06-06 16:41:07.805,0,2,2,0.00,-0.0001,0.0000,0.0000,0.0000,0.0000,-0.0000,0.0000,0.0000
2026-06-06 16:41:07.904,0,2,2,0.00,0.0000,-0.0001,0.0000,0.0000,0.0000,-0.0000,0.0000,0.0000
2026-06-06 16:41:08.004,0,2,2,0.00,0.0000,0.0000,0.0000,0.0000,0.0000,-0.0000,0.0000,0.0000
2026-06-06 16:41:08.104,0,2,2,0.00,-0.0005,-0.0001,0.0000,0.0000,0.0000,-0.0000,0.0000,0.0000
2026-06-06 16:41:08.204,0,2,2,0.00,0.0000,0.0000,0.0000,0.0000,0.0000,-0.0000,0.0000,0.0000
2026-06-06 16:41:08.305,0,2,2,0.00,0.0005,-0.0001,0.0000,0.0000,0.0000,-0.0000,0.0000,0.0000
2026-06-06 16:41:08.409,0,2,2,0.00,0.0001,0.0000,0.0000,0.0000,0.0000,-0.0000,0.0000,0.0000
2026-06-06 16:41:08.504,0,2,2,0.00,0.0000,0.0001,0.0000,0.0000,0.0000,-0.0000,0.0000,0.0000
2026-06-06 16:41:08.604,0,2,2,0.00,-0.0001,0.0000,0.0000,0.0000,0.0000,-0.0000,0.0000,0.0000
2026-06-06 16:41:08.718,0,2,2,0.00,0.0000,0.0000,0.0000,0.0000,0.0000,-0.0000,0.0000,0.0000
2026-06-06 16:41:08.804,0,2,2,0.00,0.0000,0.0000,0.0000,0.0000,0.0000,-0.0000,0.0000,0.0000
2026-06-06 16:41:08.904,0,2,2,0.00,0.0000,0.0001,0.0000,0.0000,0.0000,-0.0000,0.0000,0.0000
2026-06-06 16:41:09.004,0,2,2,0.00,0.0000,-0.0001,0.0000,0.0000,0.0000,-0.0000,0.0000,0.0000
2026-06-06 16:41:09.104,0,2,2,0.00,-0.0003,0.0000,0.0000,0.0000,0.0000,-0.0000,0.0000,0.0000
2026-06-06 16:41:09.204,0,2,2,0.00,-0.0003,0.0000,0.0000,0.0000,0.0000,-0.0000,0.0000,0.0000
2026-06-06 16:41:09.304,0,2,2,0.00,0.0001,0.0000,0.0000,0.0000,0.0000,-0.0000,0.0000,0.0000
2026-06-06 16:41:09.404,0,2,2,0.00,0.0000,-0.0001,0.0000,0.0000,0.0000,-0.0000,0.0000,0.0000
2026-06-06 16:41:09.504,0,2,2,0.00,-0.0001,0.0001,0.0000,0.0000,0.0000,-0.0000,0.0000,0.0000
2026-06-06 16:41:09.604,0,2,2,0.00,-0.0001,0.0000,0.0000,0.0000,0.0000,-0.0000,0.0000,0.0000
2026-06-06 16:41:09.704,0,2,2,0.00,0.0001,0.0000,0.0000,0.0000,0.0000,-0.0000,0.0000,0.0000
2026-06-06 16:41:09.804,0,2,2,0.00,-0.0001,0.0001,0.0000,0.0000,0.0000,-0.0000,0.0000,0.0000
2026-06-06 16:41:09.904,0,2,2,0.00,-0.0001,0.0000,0.0000,0.0000,0.0000,-0.0000,0.0000,0.0000
2026-06-06 16:41:10.004,0,2,2,0.00,0.0000,0.0000,0.0000,0.0000,0.0000,-0.0000,0.0000,0.0000
2026-06-06 16:41:10.104,0,2,2,0.00,-0.0008,0.0000,0.0000,0.0000,0.0000,-0.0000,0.0000,0.0000
2026-06-06 16:41:10.204,0,2,2,0.00,0.0001,0.0001,0.0000,0.0000,0.0000,-0.0000,0.0000,0.0000
2026-06-06 16:41:10.304,0,2,2,0.00,0.0000,0.0003,0.0000,0.0000,0.0000,-0.0000,0.0000,0.0000
2026-06-06 16:41:10.404,0,2,2,0.00,0.0000,0.0000,0.0000,0.0000,0.0000,-0.0000,0.0000,0.0000
2026-06-06 16:41:10.504,0,2,2,0.00,0.0000,0.0000,0.0000,0.0000,0.0000,-0.0000,0.0000,0.0000
2026-06-06 16:41:10.604,0,2,2,0.00,-0.0003,0.0000,0.0000,0.0000,0.0000,-0.0000,0.0000,0.0000
2026-06-06 16:41:10.704,0,2,2,0.00,0.0000,-0.0001,0.0000,0.0000,0.0000,-0.0000,0.0000,0.0000
2026-06-06 16:41:10.805,0,2,2,0.00,0.0000,0.0005,0.0000,0.0000,0.0000,-0.0000,0.0000,0.0000
2026-06-06 16:41:10.904,0,2,2,0.00,0.0000,0.0001,0.0000,0.0000,0.0000,-0.0000,0.0000,0.0000
2026-06-06 16:41:11.004,0,2,2,0.00,0.0001,0.0001,0.0000,0.0000,0.0000,-0.0000,0.0000,0.0000
2026-06-06 16:41:11.104,0,2,2,0.00,-0.0003,0.0000,0.0000,0.0000,0.0000,-0.0000,0.0000,0.0000
2026-06-06 16:41:11.204,0,2,2,0.00,-0.0001,0.0000,0.0000,0.0000,0.0000,-0.0000,0.0000,0.0000
2026-06-06 16:41:11.304,0,2,2,0.00,0.0000,0.0000,0.0000,0.0000,0.0000,-0.0000,0.0000,0.0000
2026-06-06 16:41:11.404,0,2,2,0.00,0.0003,0.0000,0.0000,0.0000,0.0000,-0.0000,0.0000,0.0000
2026-06-06 16:41:11.504,0,2,2,0.00,0.0001,0.0000,0.0000,0.0000,0.0000,-0.0000,0.0000,0.0000
2026-06-06 16:41:11.604,0,2,2,0.00,0.0001,0.0001,0.0000,0.0000,0.0000,-0.0000,0.0000,0.0000
2026-06-06 16:41:11.707,0,2,2,0.00,0.0000,0.0000,0.0000,0.0000,0.0000,-0.0000,0.0000,0.0000
2026-06-06 16:41:11.804,0,2,2,0.00,0.0001,0.0001,0.0000,0.0000,0.0000,-0.0000,0.0000,0.0000
2026-06-06 16:41:11.904,0,2,2,0.00,-0.0003,-0.0001,0.0000,0.0000,0.0000,-0.0000,0.0000,0.0000
2026-06-06 16:41:12.004,0,2,2,0.00,-0.0001,-0.0001,0.0000,0.0000,0.0000,-0.0000,0.0000,0.0000
2026-06-06 16:41:12.104,0,2,2,0.00,0.0000,-0.0001,0.0000,0.0000,0.0000,-0.0000,0.0000,0.0000
2026-06-06 16:41:12.204,0,2,2,0.00,0.0000,0.0001,0.0000,0.0000,0.0000,-0.0000,0.0000,0.0000
2026-06-06 16:41:12.304,0,2,2,0.00,0.0000,0.0000,0.0000,0.0000,0.0000,-0.0000,0.0000,0.0000
2026-06-06 16:41:12.404,0,2,2,0.00,0.0001,0.0000,0.0000,0.0000,0.0000,-0.0000,0.0000,0.0000
2026-06-06 16:41:12.504,0,2,2,0.00,0.0000,-0.0003,0.0000,0.0000,0.0000,-0.0000,0.0000,0.0000
2026-06-06 16:41:12.604,0,2,2,0.00,0.0003,0.0001,0.0000,0.0000,0.0000,-0.0000,0.0000,0.0000
2026-06-06 16:41:12.704,0,2,2,0.00,0.0001,0.0000,0.0000,0.0000,0.0000,-0.0000,0.0000,0.0000
2026-06-06 16:41:12.804,0,2,2,0.00,0.0001,0.0000,0.0000,0.0000,0.0000,-0.0000,0.0000,0.0000
2026-06-06 16:41:12.904,0,2,2,0.00,0.0000,0.0000,0.0000,0.0000,0.0000,-0.0000,0.0000,0.0000
2026-06-06 16:41:13.004,0,2,2,0.00,-0.0004,0.0000,0.0000,0.0000,0.0000,-0.0000,0.0000,0.0000
2026-06-06 16:41:13.104,0,2,2,0.00,0.0000,0.0001,0.0000,0.0000,0.0000,-0.0000,0.0000,0.0000
2026-06-06 16:41:13.205,0,2,2,0.00,0.0000,0.0000,0.0000,0.0000,0.0000,-0.0000,0.0000,0.0000
2026-06-06 16:41:13.304,0,2,2,0.00,-0.0001,-0.0001,0.0000,0.0000,0.0000,-0.0000,0.0000,0.0000
2026-06-06 16:41:13.404,0,2,2,0.00,-0.0003,0.0003,0.0000,0.0000,0.0000,-0.0000,0.0000,0.0000
2026-06-06 16:41:13.504,0,2,2,0.00,-0.0003,0.0000,0.0000,0.0000,0.0000,-0.0000,0.0000,0.0000
2026-06-06 16:41:13.604,0,2,2,0.00,-0.0003,0.0000,0.0000,0.0000,0.0000,-0.0000,0.0000,0.0000
2026-06-06 16:41:13.704,0,2,2,0.00,0.0000,0.0000,0.0000,0.0000,0.0000,-0.0000,0.0000,0.0000
2026-06-06 16:41:13.804,0,2,2,0.00,0.0000,0.0000,0.0000,0.0000,0.0000,-0.0000,0.0000,0.0000
2026-06-06 16:41:13.904,0,2,2,0.00,0.0000,0.0000,0.0000,0.0000,0.0000,-0.0000,0.0000,0.0000
2026-06-06 16:41:14.004,0,2,2,0.00,0.0000,0.0000,0.0000,0.0000,0.0000,-0.0000,0.0000,0.0000
2026-06-06 16:41:14.105,0,2,2,0.00,0.0003,0.0000,0.0000,0.0000,0.0000,-0.0000,0.0000,0.0000
2026-06-06 16:41:14.204,0,2,2,0.00,-0.0005,0.0001,0.0000,0.0000,0.0000,-0.0000,0.0000,0.0000
2026-06-06 16:41:14.304,0,2,2,0.00,0.0001,0.0000,0.0000,0.0000,0.0000,-0.0000,0.0000,0.0000
2026-06-06 16:41:14.404,0,2,2,0.00,0.0000,0.0001,0.0000,0.0000,0.0000,-0.0000,0.0000,0.0000
2026-06-06 16:41:14.504,0,2,2,0.00,0.0001,0.0000,0.0000,0.0000,0.0000,-0.0000,0.0000,0.0000
2026-06-06 16:41:14.604,0,2,2,0.00,0.0000,0.0000,0.0000,0.0000,0.0000,-0.0000,0.0000,0.0000
2026-06-06 16:41:14.704,0,2,2,0.00,0.0001,0.0004,0.0000,0.0000,0.0000,-0.0000,0.0000,0.0000
2026-06-06 16:41:14.804,0,2,2,0.00,0.0000,-0.0001,0.0000,0.0000,0.0000,-0.0000,0.0000,0.0000
2026-06-06 16:41:14.904,0,2,2,0.00,0.0000,0.0001,0.0000,0.0000,0.0000,-0.0000,0.0000,0.0000
2026-06-06 16:41:15.004,0,2,2,0.00,0.0000,0.0000,0.0000,0.0000,0.0000,-0.0000,0.0000,0.0000
2026-06-06 16:41:15.104,0,2,2,0.00,0.0001,-0.0003,0.0000,0.0000,0.0000,-0.0000,0.0000,0.0000
2026-06-06 16:41:15.204,0,2,2,0.00,-0.0001,0.0000,0.0000,0.0000,0.0000,-0.0000,0.0000,0.0000
2026-06-06 16:41:15.304,0,2,2,0.00,0.0001,0.0000,0.0000,0.0000,0.0000,-0.0000,0.0000,0.0000
2026-06-06 16:41:15.404,0,1,2,0.00,-0.0005,0.0000,0.0000,0.0000,0.0000,-0.0000,0.0000,0.0000
2026-06-06 16:41:15.504,0,2,2,0.00,-0.0225,0.0007,0.0009,-0.0000,0.0000,-0.0000,0.0000,0.0000
2026-06-06 16:41:15.604,0,2,2,0.00,-0.0479,0.0313,0.0045,-0.0000,0.0000,-0.0000,0.0000,0.0000
2026-06-06 16:41:15.704,0,2,2,0.00,-0.0793,0.0597,0.0110,-0.0001,0.0000,-0.0000,0.0000,0.0000
2026-06-06 16:41:15.804,0,2,2,0.00,-0.1199,0.0689,0.0198,-0.0001,0.0000,-0.0000,0.0000,0.0000
2026-06-06 16:41:15.904,0,2,2,0.00,-0.1648,0.0919,0.0309,-0.0004,0.0000,-0.0000,0.0000,0.0000
2026-06-06 16:41:16.004,0,2,2,0.00,-0.2038,0.1389,0.0470,-0.0009,0.0000,-0.0000,0.0000,0.0000
2026-06-06 16:41:16.104,0,2,2,0.00,-0.2297,0.1914,0.0671,-0.0017,0.0000,-0.0000,0.0000,0.0000
2026-06-06 16:41:16.204,0,2,2,0.00,-0.2551,0.2419,0.0899,-0.0029,0.0000,-0.0000,0.0000,0.0000
2026-06-06 16:41:16.304,0,2,2,0.00,-0.2831,0.2867,0.1174,-0.0042,0.0000,-0.0000,0.0000,0.0000
2026-06-06 16:41:16.404,0,2,2,0.00,-0.3119,0.3212,0.1482,-0.0058,0.0000,-0.0000,0.0000,0.0000
2026-06-06 16:41:16.504,0,2,2,0.00,-0.3449,0.3485,0.1817,-0.0075,0.0000,-0.0000,0.0000,0.0000
2026-06-06 16:41:16.604,0,2,2,0.00,-0.3775,0.3869,0.2179,-0.0092,0.0000,-0.0000,0.0000,0.0000
2026-06-06 16:41:16.704,0,2,2,0.00,-0.4067,0.4184,0.2582,-0.0112,0.0000,-0.0000,0.0000,0.0000
2026-06-06 16:41:16.804,0,2,2,0.00,-0.4447,0.4415,0.3012,-0.0132,0.0000,-0.0000,0.0000,0.0000
2026-06-06 16:41:16.904,0,2,2,0.00,-0.4733,0.4783,0.3481,-0.0155,0.0000,-0.0000,0.0000,0.0000
2026-06-06 16:41:17.004,0,2,2,0.00,-0.4961,0.5058,0.3976,-0.0178,0.0000,-0.0000,0.0000,0.0000
2026-06-06 16:41:17.104,0,2,2,0.00,-0.5021,0.5123,0.4482,-0.0201,0.0000,-0.0000,0.0000,0.0000
2026-06-06 16:41:17.204,0,2,2,0.00,-0.5058,0.5188,0.4993,-0.0223,0.0000,-0.0000,0.0000,0.0000
2026-06-06 16:41:17.304,0,2,2,0.00,-0.5044,0.5248,0.5507,-0.0244,0.0000,-0.0000,0.0000,0.0000
2026-06-06 16:41:17.404,0,2,2,0.00,-0.5033,0.5160,0.6018,-0.0263,0.0000,-0.0000,0.0000,0.0000
2026-06-06 16:41:17.504,0,2,2,0.00,-0.4999,0.5156,0.6527,-0.0281,0.0000,-0.0000,0.0000,0.0000
2026-06-06 16:41:17.604,0,2,2,0.00,-0.4927,0.5027,0.7026,-0.0297,0.0000,-0.0000,0.0000,0.0000
2026-06-06 16:41:17.704,0,2,2,0.00,-0.4964,0.4985,0.7523,-0.0312,0.0000,-0.0000,0.0000,0.0000
2026-06-06 16:41:17.804,0,2,2,0.00,-0.4970,0.4944,0.8019,-0.0328,0.0000,-0.0000,0.0000,0.0000
2026-06-06 16:41:17.904,0,2,2,0.00,-0.5013,0.4941,0.8516,-0.0344,0.0000,-0.0000,0.0000,0.0000
2026-06-06 16:41:18.004,0,2,2,0.00,-0.5057,0.4913,0.9013,-0.0360,0.0000,-0.0000,0.0000,0.0000
2026-06-06 16:41:18.104,0,2,2,0.00,-0.4998,0.4939,0.9510,-0.0378,0.0000,-0.0000,0.0000,0.0000
2026-06-06 16:41:18.204,0,2,2,0.00,-0.5008,0.4979,1.0007,-0.0397,0.0000,-0.0000,0.0000,0.0000
2026-06-06 16:41:18.304,0,2,2,0.00,-0.4987,0.4956,1.0506,-0.0416,0.0000,-0.0000,0.0000,0.0000
2026-06-06 16:41:18.404,0,2,2,0.00,-0.4985,0.5045,1.1006,-0.0435,0.0000,-0.0000,0.0000,0.0000
2026-06-06 16:41:18.504,0,2,2,0.00,-0.4998,0.5027,1.1522,-0.0454,0.0000,-0.0000,0.0000,0.0000
2026-06-06 16:41:18.607,0,2,2,0.00,-0.4972,0.4972,1.2007,-0.0472,0.0000,-0.0000,0.0000,0.0000
2026-06-06 16:41:18.704,0,2,2,0.00,-0.4969,0.4998,1.2506,-0.0490,0.0000,-0.0000,0.0000,0.0000
2026-06-06 16:41:18.804,0,2,2,0.00,-0.5029,0.5045,1.3009,-0.0508,0.0000,-0.0000,0.0000,0.0000
2026-06-06 16:41:18.904,0,2,2,0.00,-0.4994,0.5003,1.3509,-0.0525,0.0000,-0.0000,0.0000,0.0000
2026-06-06 16:41:19.004,0,2,2,0.00,-0.5025,0.5070,1.4012,-0.0543,0.0000,-0.0000,0.0000,0.0000
2026-06-06 16:41:19.104,0,2,2,0.00,-0.5034,0.4990,1.4513,-0.0560,0.0000,-0.0000,0.0000,0.0000
2026-06-06 16:41:19.204,0,2,2,0.00,-0.5016,0.4981,1.5012,-0.0578,0.0000,-0.0000,0.0000,0.0000
2026-06-06 16:41:19.304,0,2,2,0.00,-0.4987,0.4922,1.5509,-0.0596,0.0000,-0.0000,0.0000,0.0000
2026-06-06 16:41:19.404,0,2,2,0.00,-0.5007,0.4888,1.6004,-0.0614,0.0000,-0.0000,0.0000,0.0000
2026-06-06 16:41:19.504,0,2,2,0.00,-0.4986,0.4917,1.6498,-0.0634,0.0000,-0.0000,0.0000,0.0000
2026-06-06 16:41:19.604,0,2,2,0.00,-0.4979,0.5034,1.6996,-0.0653,0.0000,-0.0000,0.0000,0.0000
2026-06-06 16:41:19.704,0,2,2,0.00,-0.5010,0.4979,1.7496,-0.0673,0.0000,-0.0000,0.0000,0.0000
2026-06-06 16:41:19.804,0,2,2,0.00,-0.4983,0.4948,1.7992,-0.0693,0.0000,-0.0000,0.0000,0.0000
2026-06-06 16:41:19.904,0,2,2,0.00,-0.4990,0.4972,1.8490,-0.0713,0.0000,-0.0000,0.0000,0.0000
2026-06-06 16:41:20.004,0,2,2,0.00,-0.5010,0.5058,1.8991,-0.0733,0.0000,-0.0000,0.0000,0.0000
2026-06-06 16:41:20.104,0,2,2,0.00,-0.5006,0.5015,1.9492,-0.0753,0.0000,-0.0000,0.0000,0.0000
2026-06-06 16:41:20.204,0,2,2,0.00,-0.5011,0.5013,1.9991,-0.0773,0.0000,-0.0000,0.0000,0.0000
2026-06-06 16:41:20.304,0,2,2,0.00,-0.4996,0.4992,2.0491,-0.0793,0.0000,-0.0000,0.0000,0.0000
2026-06-06 16:41:20.404,0,2,2,0.00,-0.5028,0.5042,2.0992,-0.0812,0.0000,-0.0000,0.0000,0.0000
2026-06-06 16:41:20.504,0,2,2,0.00,-0.4972,0.4914,2.1490,-0.0832,0.0000,-0.0000,0.0000,0.0000
2026-06-06 16:41:20.604,0,2,2,0.00,-0.4994,0.4934,2.1984,-0.0852,0.0000,-0.0000,0.0000,0.0000
2026-06-06 16:41:20.704,0,2,2,0.00,-0.5025,0.5049,2.2489,-0.0872,0.0000,-0.0000,0.0000,0.0000
2026-06-06 16:41:20.804,0,2,2,0.00,-0.4983,0.4970,2.2987,-0.0892,0.0000,-0.0000,0.0000,0.0000
2026-06-06 16:41:20.904,0,2,2,0.00,-0.5000,0.5074,2.3487,-0.0913,0.0000,-0.0000,0.0000,0.0000
2026-06-06 16:41:21.004,0,2,2,0.00,-0.4999,0.4996,2.3987,-0.0933,0.0000,-0.0000,0.0000,0.0000
2026-06-06 16:41:21.104,0,2,2,0.00,-0.4930,0.4902,2.4480,-0.0952,0.0000,-0.0000,0.0000,0.0000
2026-06-06 16:41:21.204,0,2,2,0.00,-0.5025,0.5135,2.4983,-0.0972,0.0000,-0.0000,0.0000,0.0000
2026-06-06 16:41:21.305,0,2,2,0.00,-0.4985,0.4968,2.5484,-0.0991,0.0000,-0.0000,0.0000,0.0000
2026-06-06 16:41:21.404,0,2,2,0.00,-0.5020,0.5032,2.5985,-0.1009,0.0000,-0.0000,0.0000,0.0000
2026-06-06 16:41:21.504,0,2,2,0.00,-0.5013,0.5045,2.6489,-0.1028,0.0000,-0.0000,0.0000,0.0000
2026-06-06 16:41:21.604,0,2,2,0.00,-0.5019,0.4952,2.6985,-0.1046,0.0000,-0.0000,0.0000,0.0000
2026-06-06 16:41:21.704,0,2,2,0.00,-0.4992,0.4983,2.7486,-0.1065,0.0000,-0.0000,0.0000,0.0000
2026-06-06 16:41:21.804,0,2,2,0.00,-0.4987,0.4941,2.7980,-0.1084,0.0000,-0.0000,0.0000,0.0000
2026-06-06 16:41:21.904,0,2,2,0.00,-0.5002,0.4952,2.8477,-0.1104,0.0000,-0.0000,0.0000,0.0000
2026-06-06 16:41:22.004,0,2,2,0.00,-0.5002,0.4964,2.8974,-0.1124,0.0000,-0.0000,0.0000,0.0000
2026-06-06 16:41:22.104,0,2,2,0.00,-0.5002,0.5079,2.9476,-0.1145,0.0000,-0.0000,0.0000,0.0000
2026-06-06 16:41:22.204,0,2,2,0.00,-0.4973,0.4987,2.9977,-0.1165,0.0000,-0.0000,0.0000,0.0000
2026-06-06 16:41:22.304,0,2,2,0.00,-0.5000,0.5058,3.0477,-0.1184,0.0000,-0.0000,0.0000,0.0000
2026-06-06 16:41:22.404,0,2,2,0.00,-0.4990,0.5023,3.0976,-0.1204,0.0000,-0.0000,0.0000,0.0000
2026-06-06 16:41:22.505,0,2,2,0.00,-0.4992,0.5063,3.1479,-0.1223,0.0000,-0.0000,0.0000,0.0000
2026-06-06 16:41:22.604,0,2,2,0.00,-0.5020,0.5095,3.1981,-0.1241,0.0000,-0.0000,0.0000,0.0000
2026-06-06 16:41:22.704,0,2,2,0.00,-0.5007,0.5093,3.2486,-0.1259,0.0000,-0.0000,0.0000,0.0000
2026-06-06 16:41:22.804,0,2,2,0.00,-0.4981,0.5011,3.2986,-0.1277,0.0000,-0.0000,0.0000,0.0000
2026-06-06 16:41:22.904,0,2,2,0.00,-0.4994,0.4949,3.3484,-0.1294,0.0000,-0.0000,0.0000,0.0000
2026-06-06 16:41:23.004,0,2,2,0.00,-0.4985,0.4846,3.3976,-0.1311,0.0000,-0.0000,0.0000,0.0000
2026-06-06 16:41:23.104,0,2,2,0.00,-0.5032,0.4982,3.4475,-0.1330,0.0000,-0.0000,0.0000,0.0000
2026-06-06 16:41:23.204,0,2,2,0.00,-0.5015,0.4941,3.4973,-0.1349,0.0000,-0.0000,0.0000,0.0000
2026-06-06 16:41:23.304,0,2,2,0.00,-0.5003,0.4973,3.5471,-0.1369,0.0000,-0.0000,0.0000,0.0000
2026-06-06 16:41:23.404,0,2,2,0.00,-0.4999,0.5019,3.5978,-0.1388,0.0000,-0.0000,0.0000,0.0000
2026-06-06 16:41:23.504,0,2,2,0.00,-0.4960,0.4897,3.6469,-0.1408,0.0000,-0.0000,0.0000,0.0000
2026-06-06 16:41:23.604,0,2,2,0.00,-0.4999,0.5055,3.6965,-0.1427,0.0000,-0.0000,0.0000,0.0000
2026-06-06 16:41:23.704,0,2,2,0.00,-0.5006,0.5087,3.7469,-0.1447,0.0000,-0.0000,0.0000,0.0000
2026-06-06 16:41:23.804,0,2,2,0.00,-0.5016,0.5063,3.7972,-0.1466,0.0000,-0.0000,0.0000,0.0000
2026-06-06 16:41:23.904,0,2,2,0.00,-0.5024,0.5105,3.8478,-0.1484,0.0000,-0.0000,0.0000,0.0000
2026-06-06 16:41:24.004,0,2,2,0.00,-0.4986,0.4991,3.8978,-0.1502,0.0000,-0.0000,0.0000,0.0000
2026-06-06 16:41:24.104,0,2,2,0.00,-0.5010,0.5010,3.9477,-0.1520,0.0000,-0.0000,0.0000,0.0000
2026-06-06 16:41:24.204,0,2,2,0.00,-0.4977,0.4974,3.9976,-0.1538,0.0000,-0.0000,0.0000,0.0000
2026-06-06 16:41:24.304,0,2,2,0.00,-0.5024,0.4977,4.0475,-0.1555,0.0000,-0.0000,0.0000,0.0000
2026-06-06 16:41:24.404,0,2,2,0.00,-0.4999,0.4991,4.0974,-0.1574,0.0000,-0.0000,0.0000,0.0000
2026-06-06 16:41:24.504,0,2,2,0.00,-0.5012,0.4991,4.1473,-0.1592,0.0000,-0.0000,0.0000,0.0000
2026-06-06 16:41:24.604,0,2,2,0.00,-0.4998,0.4989,4.1971,-0.1611,0.0000,-0.0000,0.0000,0.0000
2026-06-06 16:41:24.704,0,2,2,0.00,-0.5002,0.5049,4.2473,-0.1630,0.0000,-0.0000,0.0000,0.0000
2026-06-06 16:41:24.804,0,2,2,0.00,-0.4981,0.5000,4.2974,-0.1648,0.0000,-0.0000,0.0000,0.0000
2026-06-06 16:41:24.904,0,2,2,0.00,-0.4973,0.5019,4.3472,-0.1666,0.0000,-0.0000,0.0000,0.0000
2026-06-06 16:41:25.004,0,2,2,0.00,-0.5006,0.5067,4.3973,-0.1684,0.0000,-0.0000,0.0000,0.0000
2026-06-06 16:41:25.104,0,2,2,0.00,-0.4998,0.4970,4.4473,-0.1701,0.0000,-0.0000,0.0000,0.0000
2026-06-06 16:41:25.204,0,2,2,0.00,-0.5007,0.5061,4.4976,-0.1718,0.0000,-0.0000,0.0000,0.0000
2026-06-06 16:41:25.304,0,2,2,0.00,-0.4977,0.4994,4.5477,-0.1735,0.0000,-0.0000,0.0000,0.0000
2026-06-06 16:41:25.404,0,2,2,0.00,-0.4965,0.4873,4.5968,-0.1752,0.0000,-0.0000,0.0000,0.0000
2026-06-06 16:41:25.504,0,2,2,0.00,-0.5013,0.4964,4.6466,-0.1770,0.0000,-0.0000,0.0000,0.0000
2026-06-06 16:41:25.604,0,2,2,0.00,-0.5025,0.4936,4.6964,-0.1788,0.0000,-0.0000,0.0000,0.0000
2026-06-06 16:41:25.704,0,2,2,0.00,-0.5020,0.4995,4.7464,-0.1807,0.0000,-0.0000,0.0000,0.0000
2026-06-06 16:41:25.804,0,2,2,0.00,-0.5002,0.4998,4.7966,-0.1826,0.0000,-0.0000,0.0000,0.0000
2026-06-06 16:41:25.904,0,2,2,0.00,-0.4983,0.5061,4.8467,-0.1844,0.0000,-0.0000,0.0000,0.0000
2026-06-06 16:41:26.004,0,2,2,0.00,-0.4986,0.4977,4.8968,-0.1862,0.0000,-0.0000,0.0000,0.0000
2026-06-06 16:41:26.104,0,2,2,0.00,-0.4974,0.5047,4.9469,-0.1880,0.0000,-0.0000,0.0000,0.0000
2026-06-06 16:41:26.204,0,2,2,0.00,-0.4991,0.5006,4.9969,-0.1897,0.0000,-0.0000,0.0000,0.0000
2026-06-06 16:41:26.304,0,2,2,0.00,-0.5020,0.5093,5.0472,-0.1914,0.0000,-0.0000,0.0000,0.0000
2026-06-06 16:41:26.404,0,2,2,0.00,-0.5006,0.5034,5.0976,-0.1931,0.0000,-0.0000,0.0000,0.0000
2026-06-06 16:41:26.504,0,2,2,0.00,-0.5011,0.5020,5.1478,-0.1947,0.0000,-0.0000,0.0000,0.0000
2026-06-06 16:41:26.604,0,2,2,0.00,-0.4964,0.4951,5.1975,-0.1963,0.0000,-0.0000,0.0000,0.0000
2026-06-06 16:41:26.704,0,2,2,0.00,-0.5004,0.4944,5.2471,-0.1979,0.0000,-0.0000,0.0000,0.0000
2026-06-06 16:41:26.804,0,2,2,0.00,-0.5002,0.4938,5.2966,-0.1996,0.0000,-0.0000,0.0000,0.0000
2026-06-06 16:41:26.904,0,2,2,0.00,-0.5007,0.4987,5.3464,-0.2014,0.0000,-0.0000,0.0000,0.0000
2026-06-06 16:41:27.004,0,2,2,0.00,-0.5029,0.5021,5.3966,-0.2032,0.0000,-0.0000,0.0000,0.0000
2026-06-06 16:41:27.104,0,2,2,0.00,-0.4992,0.4992,5.4465,-0.2050,0.0000,-0.0000,0.0000,0.0000
2026-06-06 16:41:27.204,0,2,2,0.00,-0.4983,0.5076,5.4965,-0.2068,0.0000,-0.0000,0.0000,0.0000
2026-06-06 16:41:27.304,0,2,2,0.00,-0.5002,0.5008,5.5465,-0.2085,0.0000,-0.0000,0.0000,0.0000
2026-06-06 16:41:27.404,0,2,2,0.00,-0.4962,0.5028,5.5975,-0.2103,0.0000,-0.0000,0.0000,0.0000
2026-06-06 16:41:27.504,0,2,2,0.00,-0.4981,0.5054,5.6465,-0.2120,0.0000,-0.0000,0.0000,0.0000
2026-06-06 16:41:27.604,0,2,2,0.00,-0.5007,0.4978,5.6964,-0.2137,0.0000,-0.0000,0.0000,0.0000
2026-06-06 16:41:27.704,0,2,2,0.00,-0.5007,0.5057,5.7468,-0.2153,0.0000,-0.0000,0.0000,0.0000
2026-06-06 16:41:27.804,0,2,2,0.00,-0.4964,0.4877,5.7966,-0.2169,0.0000,-0.0000,0.0000,0.0000
2026-06-06 16:41:27.904,0,2,2,0.00,-0.5030,0.4948,5.8465,-0.2186,0.0000,-0.0000,0.0000,0.0000
2026-06-06 16:41:28.004,0,2,2,0.00,-0.4983,0.4901,5.8961,-0.2203,0.0000,-0.0000,0.0000,0.0000
2026-06-06 16:41:28.104,0,2,2,0.00,-0.5041,0.4983,5.9480,-0.2221,0.0000,-0.0000,0.0000,0.0000
2026-06-06 16:41:28.204,0,2,2,0.00,-0.5010,0.4981,5.9958,-0.2239,0.0000,-0.0000,0.0000,0.0000
2026-06-06 16:41:28.304,0,2,2,0.00,-0.4987,0.4928,6.0455,-0.2257,0.0000,-0.0000,0.0000,0.0000
2026-06-06 16:41:28.404,0,2,2,0.00,-0.4977,0.4992,6.0948,-0.2276,0.0000,-0.0000,0.0000,0.0000
2026-06-06 16:41:28.504,0,2,2,0.00,-0.5034,0.5102,6.1458,-0.2295,0.0000,-0.0000,0.0000,0.0000
2026-06-06 16:41:28.604,0,2,2,0.00,-0.4992,0.5028,6.1955,-0.2313,0.0000,-0.0000,0.0000,0.0000
2026-06-06 16:41:28.704,0,2,2,0.00,-0.5028,0.5155,6.2463,-0.2332,0.0000,-0.0000,0.0000,0.0000
2026-06-06 16:41:28.804,0,2,2,0.00,-0.4975,0.5088,6.2968,-0.2348,0.0000,-0.0000,0.0000,0.0000
2026-06-06 16:41:28.904,0,2,2,0.00,-0.5007,0.5045,6.3472,-0.2364,0.0000,-0.0000,0.0000,0.0000
2026-06-06 16:41:29.004,0,2,2,0.00,-0.4918,0.4995,6.3970,-0.2379,0.0000,-0.0000,0.0000,0.0000
2026-06-06 16:41:29.104,0,2,2,0.00,-0.4994,0.4953,6.4466,-0.2394,0.0000,-0.0000,0.0000,0.0000
2026-06-06 16:41:29.204,0,2,2,0.00,-0.5007,0.4915,6.4962,-0.2409,0.0000,-0.0000,0.0000,0.0000
2026-06-06 16:41:29.304,0,2,2,0.00,-0.5025,0.4885,6.5456,-0.2425,0.0000,-0.0000,0.0000,0.0000
2026-06-06 16:41:29.404,0,2,2,0.00,-0.5013,0.4981,6.5956,-0.2442,0.0000,-0.0000,0.0000,0.0000
2026-06-06 16:41:29.504,0,2,2,0.00,-0.5029,0.4915,6.6453,-0.2459,0.0000,-0.0000,0.0000,0.0000
2026-06-06 16:41:29.604,0,2,2,0.00,-0.4972,0.4915,6.6950,-0.2478,0.0000,-0.0000,0.0000,0.0000
2026-06-06 16:41:29.704,0,2,2,0.00,-0.4995,0.5041,6.7448,-0.2497,0.0000,-0.0000,0.0000,0.0000
2026-06-06 16:41:29.804,0,2,2,0.00,-0.5002,0.4991,6.7947,-0.2515,0.0000,-0.0000,0.0000,0.0000
2026-06-06 16:41:29.904,0,2,2,0.00,-0.4973,0.5053,6.8449,-0.2534,0.0000,-0.0000,0.0000,0.0000
2026-06-06 16:41:30.004,0,2,2,0.00,-0.4998,0.5106,6.8952,-0.2552,0.0000,-0.0000,0.0000,0.0000
2026-06-06 16:41:30.104,0,2,2,0.00,-0.5016,0.5104,6.9457,-0.2570,0.0000,-0.0000,0.0000,0.0000
2026-06-06 16:41:30.204,0,2,2,0.00,-0.4952,0.4913,6.9954,-0.2587,0.0000,-0.0000,0.0000,0.0000
2026-06-06 16:41:30.304,0,2,2,0.00,-0.5028,0.4888,7.0452,-0.2604,0.0000,-0.0000,0.0000,0.0000
2026-06-06 16:41:30.404,0,2,2,0.00,-0.4978,0.4948,7.0943,-0.2621,0.0000,-0.0000,0.0000,0.0000
2026-06-06 16:41:30.504,0,2,2,0.00,-0.5010,0.4957,7.1444,-0.2640,0.0000,-0.0000,0.0000,0.0000
2026-06-06 16:41:30.604,0,2,2,0.00,-0.5016,0.4977,7.1943,-0.2658,0.0000,-0.0000,0.0000,0.0000
2026-06-06 16:41:30.704,0,2,2,0.00,-0.5006,0.4962,7.2441,-0.2678,0.0000,-0.0000,0.0000,0.0000
2026-06-06 16:41:30.804,0,2,2,0.00,-0.4985,0.4913,7.2936,-0.2697,0.0000,-0.0000,0.0000,0.0000
2026-06-06 16:41:30.905,0,2,2,0.00,-0.5020,0.5137,7.3441,-0.2717,0.0000,-0.0000,0.0000,0.0000
2026-06-06 16:41:31.004,0,2,2,0.00,-0.5003,0.5097,7.3947,-0.2737,0.0000,-0.0000,0.0000,0.0000
2026-06-06 16:41:31.104,0,2,2,0.00,-0.5004,0.5156,7.4451,-0.2755,0.0000,-0.0000,0.0000,0.0000
2026-06-06 16:41:31.204,0,2,2,0.00,-0.4982,0.5085,7.4955,-0.2772,0.0000,-0.0000,0.0000,0.0000
2026-06-06 16:41:31.304,0,2,2,0.00,-0.5011,0.5130,7.5460,-0.2788,0.0000,-0.0000,0.0000,0.0000
2026-06-06 16:41:31.404,0,2,2,0.00,-0.4977,0.4974,7.5959,-0.2804,0.0000,-0.0000,0.0000,0.0000
2026-06-06 16:41:31.504,0,2,2,0.00,-0.4969,0.5012,7.6457,-0.2819,0.0000,-0.0000,0.0000,0.0000
2026-06-06 16:41:31.604,0,2,2,0.00,-0.4975,0.4914,7.6954,-0.2834,0.0000,-0.0000,0.0000,0.0000
2026-06-06 16:41:31.704,0,2,2,0.00,-0.5036,0.4852,7.7448,-0.2850,0.0000,-0.0000,0.0000,0.0000
2026-06-06 16:41:31.804,0,2,2,0.00,-0.5000,0.4928,7.7943,-0.2868,0.0000,-0.0000,0.0000,0.0000
2026-06-06 16:41:31.904,0,2,2,0.00,-0.5030,0.4960,7.8442,-0.2886,0.0000,-0.0000,0.0000,0.0000
2026-06-06 16:41:32.004,0,2,2,0.00,-0.5006,0.4873,7.8941,-0.2905,0.0000,-0.0000,0.0000,0.0000
2026-06-06 16:41:32.104,0,2,2,0.00,-0.5015,0.5053,7.9441,-0.2924,0.0000,-0.0000,0.0000,0.0000
2026-06-06 16:41:32.204,0,2,2,0.00,-0.4994,0.5044,7.9944,-0.2943,0.0000,-0.0000,0.0000,0.0000
2026-06-06 16:41:32.304,0,2,2,0.00,-0.5008,0.4994,8.0445,-0.2962,0.0000,-0.0000,0.0000,0.0000
2026-06-06 16:41:32.404,0,2,2,0.00,-0.4992,0.5076,8.0949,-0.2980,0.0000,-0.0000,0.0000,0.0000
2026-06-06 16:41:32.504,0,2,2,0.00,-0.5006,0.5085,8.1453,-0.2998,0.0000,-0.0000,0.0000,0.0000
2026-06-06 16:41:32.604,0,2,2,0.00,-0.4953,0.5101,8.1956,-0.3014,0.0000,-0.0000,0.0000,0.0000
2026-06-06 16:41:32.704,0,2,2,0.00,-0.4969,0.4994,8.2454,-0.3030,0.0000,-0.0000,0.0000,0.0000
2026-06-06 16:41:32.804,0,2,2,0.00,-0.4999,0.4958,8.2952,-0.3045,0.0000,-0.0000,0.0000,0.0000
2026-06-06 16:41:32.904,0,2,2,0.00,-0.5002,0.4923,8.3450,-0.3061,0.0000,-0.0000,0.0000,0.0000
2026-06-06 16:41:33.004,0,2,2,0.00,-0.5011,0.4958,8.3945,-0.3078,0.0000,-0.0000,0.0000,0.0000
2026-06-06 16:41:33.104,0,2,2,0.00,-0.5034,0.4985,8.4445,-0.3095,0.0000,-0.0000,0.0000,0.0000
2026-06-06 16:41:33.204,0,2,2,0.00,-0.5010,0.4986,8.4944,-0.3113,0.0000,-0.0000,0.0000,0.0000
2026-06-06 16:41:33.304,0,2,2,0.00,-0.4999,0.4947,8.5442,-0.3130,0.0000,-0.0000,0.0000,0.0000
2026-06-06 16:41:33.405,0,2,2,0.00,-0.4996,0.4987,8.5941,-0.3149,0.0000,-0.0000,0.0000,0.0000
2026-06-06 16:41:33.504,0,2,2,0.00,-0.5003,0.5007,8.6442,-0.3167,0.0000,-0.0000,0.0000,0.0000
2026-06-06 16:41:33.604,0,2,2,0.00,-0.5006,0.5119,8.6945,-0.3185,0.0000,-0.0000,0.0000,0.0000
2026-06-06 16:41:33.704,0,2,2,0.00,-0.4972,0.5082,8.7448,-0.3202,0.0000,-0.0000,0.0000,0.0000
2026-06-06 16:41:33.804,0,2,2,0.00,-0.4956,0.5024,8.7949,-0.3218,0.0000,-0.0000,0.0000,0.0000
2026-06-06 16:41:33.904,0,2,2,0.00,-0.5015,0.4990,8.8448,-0.3233,0.0000,-0.0000,0.0000,0.0000
2026-06-06 16:41:34.004,0,2,2,0.00,-0.4972,0.4927,8.8946,-0.3249,0.0000,-0.0000,0.0000,0.0000
2026-06-06 16:41:34.104,0,2,2,0.00,-0.5023,0.4961,8.9443,-0.3265,0.0000,-0.0000,0.0000,0.0000
2026-06-06 16:41:34.204,0,2,2,0.00,-0.5027,0.4934,8.9941,-0.3282,0.0000,-0.0000,0.0000,0.0000
2026-06-06 16:41:34.304,0,2,2,0.00,-0.5010,0.4948,9.0438,-0.3299,0.0000,-0.0000,0.0000,0.0000
2026-06-06 16:41:34.404,0,2,2,0.00,-0.4966,0.4777,9.0927,-0.3317,0.0000,-0.0000,0.0000,0.0000
2026-06-06 16:41:34.504,0,2,2,0.00,-0.5038,0.5057,9.1422,-0.3336,0.0000,-0.0000,0.0000,0.0000
2026-06-06 16:41:34.604,0,2,2,0.00,-0.4994,0.4918,9.1919,-0.3356,0.0000,-0.0000,0.0000,0.0000
2026-06-06 16:41:34.704,0,2,2,0.00,-0.5025,0.5123,9.2420,-0.3377,0.0000,-0.0000,0.0000,0.0000
2026-06-06 16:41:34.804,0,2,2,0.00,-0.4989,0.5029,9.2924,-0.3397,0.0000,-0.0000,0.0000,0.0000
2026-06-06 16:41:34.904,0,2,2,0.00,-0.5007,0.5126,9.3428,-0.3417,0.0000,-0.0000,0.0000,0.0000
2026-06-06 16:41:35.004,0,2,2,0.00,-0.4985,0.5093,9.3934,-0.3435,0.0000,-0.0000,0.0000,0.0000
2026-06-06 16:41:35.104,0,1,2,0.00,-0.4948,0.4991,9.4431,-0.3453,0.0000,-0.0000,0.0000,0.0000
2026-06-06 16:41:35.204,0,2,2,0.00,-0.4975,0.4448,9.4908,-0.3471,0.0000,-0.0000,0.0000,0.0000
2026-06-06 16:41:35.304,0,2,2,0.00,-0.4500,0.3991,9.5343,-0.3492,0.0000,-0.0000,0.0000,0.0000
2026-06-06 16:41:35.404,0,2,2,0.00,-0.3821,0.3715,9.5736,-0.3512,0.0000,-0.0000,0.0000,0.0000
2026-06-06 16:41:35.504,0,2,2,0.00,-0.3431,0.2827,9.6064,-0.3531,0.0000,-0.0000,0.0000,0.0000
2026-06-06 16:41:35.604,0,2,2,0.00,-0.2657,0.2026,9.6317,-0.3549,0.0000,-0.0000,0.0000,0.0000
2026-06-06 16:41:35.704,0,2,2,0.00,-0.1829,0.1177,9.6489,-0.3562,0.0000,-0.0000,0.0000,0.0000
2026-06-06 16:41:35.804,0,2,2,0.00,-0.1149,0.0507,9.6587,-0.3571,0.0000,-0.0000,0.0000,0.0000
2026-06-06 16:41:35.904,0,2,2,0.00,-0.0571,0.0027,9.6629,-0.3575,0.0000,-0.0000,0.0000,0.0000
2026-06-06 16:41:36.004,0,2,2,0.00,-0.0079,-0.0084,9.6637,-0.3576,0.0000,-0.0000,0.0000,0.0000
2026-06-06 16:41:36.104,0,2,2,0.00,0.0001,-0.0149,9.6630,-0.3576,0.0000,-0.0000,0.0000,0.0000
2026-06-06 16:41:36.204,0,2,2,0.00,0.0000,-0.0055,9.6627,-0.3575,0.0000,-0.0000,0.0000,0.0000
2026-06-06 16:41:36.305,0,2,2,0.00,0.0001,-0.0052,9.6624,-0.3575,0.0000,-0.0000,0.0000,0.0000
2026-06-06 16:41:36.404,0,2,2,0.00,0.0000,-0.0012,9.6624,-0.3575,0.0000,-0.0000,0.0000,0.0000
2026-06-06 16:41:36.504,0,2,2,0.00,-0.0001,-0.0004,9.6624,-0.3575,0.0000,-0.0000,0.0000,0.0000
2026-06-06 16:41:36.604,0,2,2,0.00,0.0000,0.0001,9.6624,-0.3575,0.0000,-0.0000,0.0000,0.0000
2026-06-06 16:41:36.704,0,2,2,0.00,-0.0003,0.0000,9.6624,-0.3575,0.0000,-0.0000,0.0000,0.0000
2026-06-06 16:41:36.804,0,2,2,0.00,-0.0001,0.0000,9.6624,-0.3575,0.0000,-0.0000,0.0000,0.0000
2026-06-06 16:41:36.904,0,2,2,0.00,0.0000,0.0000,9.6624,-0.3575,0.0000,-0.0000,0.0000,0.0000
2026-06-06 16:41:37.004,0,2,2,0.00,0.0000,0.0001,9.6624,-0.3575,0.0000,-0.0000,0.0000,0.0000
2026-06-06 16:41:37.104,0,2,2,0.00,0.0000,0.0000,9.6624,-0.3575,0.0000,-0.0000,0.0000,0.0000
2026-06-06 16:41:37.204,0,2,2,0.00,0.0000,0.0001,9.6624,-0.3575,0.0000,-0.0000,0.0000,0.0000
2026-06-06 16:41:37.304,0,2,2,0.00,0.0001,0.0000,9.6624,-0.3575,0.0000,-0.0000,0.0000,0.0000
2026-06-06 16:41:37.404,0,2,2,0.00,0.0000,0.0003,9.6624,-0.3575,0.0000,-0.0000,0.0000,0.0000
2026-06-06 16:41:37.504,0,2,2,0.00,-0.0001,0.0000,9.6624,-0.3575,0.0000,-0.0000,0.0000,0.0000
2026-06-06 16:41:37.604,0,2,2,0.00,0.0001,0.0000,9.6624,-0.3575,0.0000,-0.0000,0.0000,0.0000
2026-06-06 16:41:37.704,0,2,2,0.00,0.0000,0.0000,9.6624,-0.3575,0.0000,-0.0000,0.0000,0.0000
2026-06-06 16:41:37.804,0,2,2,0.00,0.0000,0.0000,9.6624,-0.3575,0.0000,-0.0000,0.0000,0.0000
2026-06-06 16:41:37.904,0,2,2,0.00,0.0001,0.0000,9.6624,-0.3575,0.0000,-0.0000,0.0000,0.0000
2026-06-06 16:41:38.004,0,2,2,0.00,0.0063,0.0000,9.6622,-0.3575,0.0000,-0.0000,0.0000,0.0000
2026-06-06 16:41:38.104,0,2,2,0.00,0.0344,-0.0137,9.6604,-0.3573,0.0000,-0.0000,0.0000,0.0000
2026-06-06 16:41:38.204,0,2,2,0.00,0.0631,-0.0306,9.6566,-0.3568,0.0000,-0.0000,0.0000,0.0000
2026-06-06 16:41:38.304,0,2,2,0.00,0.0967,-0.0609,9.6497,-0.3561,0.0000,-0.0000,0.0000,0.0000
2026-06-06 16:41:38.404,0,2,2,0.00,0.1343,-0.0950,9.6392,-0.3551,0.0000,-0.0000,0.0000,0.0000
2026-06-06 16:41:38.504,0,2,2,0.00,0.1695,-0.1284,9.6252,-0.3539,0.0000,-0.0000,0.0000,0.0000
2026-06-06 16:41:38.604,0,2,2,0.00,0.1987,-0.1741,9.6075,-0.3524,0.0000,-0.0000,0.0000,0.0000
2026-06-06 16:41:38.704,0,2,2,0.00,0.2246,-0.2233,9.5862,-0.3507,0.0000,-0.0000,0.0000,0.0000
2026-06-06 16:41:38.804,0,2,2,0.00,0.2564,-0.2691,9.5611,-0.3487,0.0000,-0.0000,0.0000,0.0000
2026-06-06 16:41:38.904,0,2,2,0.00,0.2928,-0.3042,9.5323,-0.3463,0.0000,-0.0000,0.0000,0.0000
2026-06-06 16:41:39.004,0,2,2,0.00,0.3269,-0.3304,9.4999,-0.3436,0.0000,-0.0000,0.0000,0.0000
2026-06-06 16:41:39.104,0,2,2,0.00,0.3602,-0.3580,9.4654,-0.3407,0.0000,-0.0000,0.0000,0.0000
2026-06-06 16:41:39.204,0,2,2,0.00,0.3875,-0.3812,9.4276,-0.3375,0.0000,-0.0000,0.0000,0.0000
2026-06-06 16:41:39.304,0,2,2,0.00,0.4155,-0.4036,9.3874,-0.3342,0.0000,-0.0000,0.0000,0.0000
2026-06-06 16:41:39.404,0,2,2,0.00,0.4487,-0.4342,9.3443,-0.3308,0.0000,-0.0000,0.0000,0.0000
2026-06-06 16:41:39.504,0,2,2,0.00,0.4817,-0.4554,9.2981,-0.3272,0.0000,-0.0000,0.0000,0.0000
2026-06-06 16:41:39.604,0,2,2,0.00,0.5045,-0.4763,9.2494,-0.3237,0.0000,-0.0000,0.0000,0.0000
2026-06-06 16:41:39.704,0,2,2,0.00,0.5087,-0.5021,9.1993,-0.3202,0.0000,-0.0000,0.0000,0.0000
2026-06-06 16:41:39.804,0,2,2,0.00,0.5037,-0.5133,9.1486,-0.3167,0.0000,-0.0000,0.0000,0.0000
2026-06-06 16:41:39.904,0,2,2,0.00,0.5012,-0.5610,9.0966,-0.3129,0.0000,-0.0000,0.0000,0.0000
2026-06-06 16:41:40.004,0,2,2,0.00,0.5008,-0.5295,9.0450,-0.3087,0.0000,-0.0000,0.0000,0.0000
2026-06-06 16:41:40.104,0,2,2,0.00,0.4949,-0.5143,8.9945,-0.3044,0.0000,-0.0000,0.0000,0.0000
2026-06-06 16:41:40.204,0,2,2,0.00,0.4972,-0.5015,8.9447,-0.3001,0.0000,-0.0000,0.0000,0.0000
2026-06-06 16:41:40.304,0,2,2,0.00,0.5015,-0.4922,8.8956,-0.2958,0.0000,-0.0000,0.0000,0.0000
2026-06-06 16:41:40.405,0,2,2,0.00,0.5088,-0.5101,8.8449,-0.2915,0.0000,-0.0000,0.0000,0.0000
2026-06-06 16:41:40.504,0,2,2,0.00,0.5017,-0.4991,8.7948,-0.2872,0.0000,-0.0000,0.0000,0.0000
2026-06-06 16:41:40.604,0,2,2,0.00,0.4981,-0.4948,8.7454,-0.2830,0.0000,-0.0000,0.0000,0.0000
2026-06-06 16:41:40.704,0,2,2,0.00,0.4965,-0.5013,8.6956,-0.2787,0.0000,-0.0000,0.0000,0.0000
2026-06-06 16:41:40.804,0,2,2,0.00,0.4958,-0.4909,8.6461,-0.2744,0.0000,-0.0000,0.0000,0.0000
2026-06-06 16:41:40.904,0,2,2,0.00,0.5000,-0.4869,8.5970,-0.2703,0.0000,-0.0000,0.0000,0.0000
2026-06-06 16:41:41.004,0,2,2,0.00,0.4964,-0.4851,8.5481,-0.2662,0.0000,-0.0000,0.0000,0.0000
2026-06-06 16:41:41.104,0,2,2,0.00,0.4957,-0.4867,8.4991,-0.2622,0.0000,-0.0000,0.0000,0.0000
2026-06-06 16:41:41.204,0,2,2,0.00,0.4994,-0.4955,8.4496,-0.2583,0.0000,-0.0000,0.0000,0.0000
2026-06-06 16:41:41.304,0,2,2,0.00,0.5019,-0.5010,8.3996,-0.2544,0.0000,-0.0000,0.0000,0.0000
2026-06-06 16:41:41.404,0,2,2,0.00,0.5036,-0.5007,8.3491,-0.2504,0.0000,-0.0000,0.0000,0.0000
2026-06-06 16:41:41.504,0,2,2,0.00,0.5047,-0.5174,8.2992,-0.2464,0.0000,-0.0000,0.0000,0.0000
2026-06-06 16:41:41.604,0,2,2,0.00,0.5046,-0.5172,8.2482,-0.2423,0.0000,-0.0000,0.0000,0.0000
2026-06-06 16:41:41.704,0,2,2,0.00,0.4969,-0.5114,8.1978,-0.2381,0.0000,-0.0000,0.0000,0.0000
2026-06-06 16:41:41.804,0,2,2,0.00,0.4966,-0.5063,8.1477,-0.2338,0.0000,-0.0000,0.0000,0.0000
2026-06-06 16:41:41.904,0,2,2,0.00,0.4956,-0.5011,8.0979,-0.2295,0.0000,-0.0000,0.0000,0.0000
2026-06-06 16:41:42.004,0,2,2,0.00,0.4991,-0.4952,8.0485,-0.2252,0.0000,-0.0000,0.0000,0.0000
2026-06-06 16:41:42.104,0,2,2,0.00,0.4989,-0.4881,7.9992,-0.2209,0.0000,-0.0000,0.0000,0.0000
2026-06-06 16:41:42.204,0,2,2,0.00,0.4974,-0.4922,7.9498,-0.2168,0.0000,-0.0000,0.0000,0.0000
2026-06-06 16:41:42.304,0,2,2,0.00,0.4977,-0.4896,7.9006,-0.2126,0.0000,-0.0000,0.0000,0.0000
2026-06-06 16:41:42.404,0,2,2,0.00,0.4956,-0.4879,7.8516,-0.2086,0.0000,-0.0000,0.0000,0.0000
2026-06-06 16:41:42.504,0,2,2,0.00,0.5037,-0.4968,7.8018,-0.2046,0.0000,-0.0000,0.0000,0.0000
2026-06-06 16:41:42.604,0,2,2,0.00,0.5015,-0.5092,7.7515,-0.2006,0.0000,-0.0000,0.0000,0.0000
2026-06-06 16:41:42.704,0,2,2,0.00,0.4999,-0.4996,7.7016,-0.1965,0.0000,-0.0000,0.0000,0.0000
2026-06-06 16:41:42.804,0,2,2,0.00,0.5095,-0.5258,7.6504,-0.1923,0.0000,-0.0000,0.0000,0.0000
2026-06-06 16:41:42.904,0,2,2,0.00,0.5007,-0.5161,7.5994,-0.1880,0.0000,-0.0000,0.0000,0.0000
2026-06-06 16:41:43.004,0,2,2,0.00,0.4983,-0.5078,7.5495,-0.1836,0.0000,-0.0000,0.0000,0.0000
2026-06-06 16:41:43.104,0,2,2,0.00,0.4989,-0.5047,7.4994,-0.1792,0.0000,-0.0000,0.0000,0.0000
2026-06-06 16:41:43.204,0,2,2,0.00,0.4948,-0.4964,7.4501,-0.1748,0.0000,-0.0000,0.0000,0.0000
2026-06-06 16:41:43.304,0,2,2,0.00,0.4992,-0.4935,7.4007,-0.1704,0.0000,-0.0000,0.0000,0.0000
2026-06-06 16:41:43.404,0,2,2,0.00,0.5024,-0.4858,7.3515,-0.1661,0.0000,-0.0000,0.0000,0.0000
2026-06-06 16:41:43.504,0,2,2,0.00,0.4990,-0.4897,7.3024,-0.1619,0.0000,-0.0000,0.0000,0.0000
2026-06-06 16:41:43.604,0,2,2,0.00,0.4992,-0.4919,7.2532,-0.1578,0.0000,-0.0000,0.0000,0.0000
2026-06-06 16:41:43.704,0,2,2,0.00,0.4995,-0.4952,7.2028,-0.1537,0.0000,-0.0000,0.0000,0.0000
2026-06-06 16:41:43.804,0,2,2,0.00,0.5016,-0.4982,7.1540,-0.1498,0.0000,-0.0000,0.0000,0.0000
2026-06-06 16:41:43.904,0,2,2,0.00,0.4999,-0.5010,7.1041,-0.1458,0.0000,-0.0000,0.0000,0.0000
2026-06-06 16:41:44.004,0,2,2,0.00,0.5045,-0.5059,7.0539,-0.1417,0.0000,-0.0000,0.0000,0.0000
2026-06-06 16:41:44.109,0,2,2,0.00,0.5053,-0.5275,7.0023,-0.1374,0.0000,-0.0000,0.0000,0.0000
2026-06-06 16:41:44.209,0,2,2,0.00,0.5003,-0.5134,6.9518,-0.1331,0.0000,-0.0000,0.0000,0.0000
2026-06-06 16:41:44.304,0,2,2,0.00,0.4979,-0.5097,6.9016,-0.1286,0.0000,-0.0000,0.0000,0.0000
2026-06-06 16:41:44.404,0,2,2,0.00,0.4949,-0.4947,6.8517,-0.1241,0.0000,-0.0000,0.0000,0.0000
2026-06-06 16:41:44.504,0,2,2,0.00,0.5003,-0.5015,6.8021,-0.1197,0.0000,-0.0000,0.0000,0.0000
2026-06-06 16:41:44.604,0,2,2,0.00,0.4969,-0.4934,6.7527,-0.1152,0.0000,-0.0000,0.0000,0.0000
2026-06-06 16:41:44.704,0,2,2,0.00,0.5016,-0.4773,6.7040,-0.1108,0.0000,-0.0000,0.0000,0.0000
2026-06-06 16:41:44.804,0,2,2,0.00,0.5021,-0.4906,6.6547,-0.1066,0.0000,-0.0000,0.0000,0.0000
2026-06-06 16:41:44.904,0,2,2,0.00,0.4962,-0.4846,6.6056,-0.1025,0.0000,-0.0000,0.0000,0.0000
2026-06-06 16:41:45.004,0,2,2,0.00,0.5007,-0.4945,6.5562,-0.0985,0.0000,-0.0000,0.0000,0.0000
2026-06-06 16:41:45.104,0,2,2,0.00,0.5000,-0.4964,6.5064,-0.0945,0.0000,-0.0000,0.0000,0.0000
2026-06-06 16:41:45.204,0,2,2,0.00,0.5004,-0.4996,6.4566,-0.0905,0.0000,-0.0000,0.0000,0.0000
2026-06-06 16:41:45.304,0,2,2,0.00,0.5085,-0.5194,6.4056,-0.0864,0.0000,-0.0000,0.0000,0.0000
2026-06-06 16:41:45.404,0,2,2,0.00,0.5019,-0.5075,6.3550,-0.0822,0.0000,-0.0000,0.0000,0.0000
2026-06-06 16:41:45.504,0,2,2,0.00,0.4998,-0.5084,6.3039,-0.0779,0.0000,-0.0000,0.0000,0.0000
2026-06-06 16:41:45.604,0,2,2,0.00,0.4936,-0.4907,6.2543,-0.0736,0.0000,-0.0000,0.0000,0.0000
2026-06-06 16:41:45.704,0,2,2,0.00,0.4990,-0.4952,6.2051,-0.0694,0.0000,-0.0000,0.0000,0.0000
2026-06-06 16:41:45.804,0,2,2,0.00,0.4966,-0.4918,6.1555,-0.0652,0.0000,-0.0000,0.0000,0.0000
2026-06-06 16:41:45.904,0,2,2,0.00,0.4978,-0.4880,6.1063,-0.0611,0.0000,-0.0000,0.0000,0.0000
2026-06-06 16:41:46.004,0,2,2,0.00,0.5008,-0.4890,6.0572,-0.0571,0.0000,-0.0000,0.0000,0.0000
2026-06-06 16:41:46.104,0,2,2,0.00,0.4982,-0.4900,6.0079,-0.0531,0.0000,-0.0000,0.0000,0.0000
2026-06-06 16:41:46.204,0,2,2,0.00,0.4983,-0.4990,5.9584,-0.0492,0.0000,-0.0000,0.0000,0.0000
2026-06-06 16:41:46.304,0,2,2,0.00,0.4987,-0.4893,5.9089,-0.0454,0.0000,-0.0000,0.0000,0.0000
2026-06-06 16:41:46.404,0,2,2,0.00,0.5027,-0.5050,5.8593,-0.0415,0.0000,-0.0000,0.0000,0.0000
2026-06-06 16:41:46.504,0,2,2,0.00,0.5091,-0.5273,5.8083,-0.0375,0.0000,-0.0000,0.0000,0.0000
2026-06-06 16:41:46.604,0,2,2,0.00,0.5023,-0.5134,5.7572,-0.0334,0.0000,-0.0000,0.0000,0.0000
2026-06-06 16:41:46.704,0,2,2,0.00,0.5016,-0.5178,5.7066,-0.0292,0.0000,-0.0000,0.0000,0.0000
2026-06-06 16:41:46.804,0,2,2,0.00,0.4948,-0.5017,5.6563,-0.0249,0.0000,-0.0000,0.0000,0.0000
2026-06-06 16:41:46.904,0,2,2,0.00,0.5027,-0.5076,5.6064,-0.0206,0.0000,-0.0000,0.0000,0.0000
2026-06-06 16:41:47.004,0,2,2,0.00,0.4945,-0.4921,5.5567,-0.0162,0.0000,-0.0000,0.0000,0.0000
2026-06-06 16:41:47.104,0,2,2,0.00,0.4961,-0.4855,5.5077,-0.0119,0.0000,-0.0000,0.0000,0.0000
2026-06-06 16:41:47.204,0,2,2,0.00,0.5019,-0.4932,5.4583,-0.0077,0.0000,-0.0000,0.0000,0.0000
2026-06-06 16:41:47.304,0,2,2,0.00,0.4964,-0.4814,5.4094,-0.0037,0.0000,-0.0000,0.0000,0.0000
2026-06-06 16:41:47.405,0,2,2,0.00,0.5000,-0.4930,5.3600,0.0003,0.0000,-0.0000,0.0000,0.0000
2026-06-06 16:41:47.504,0,2,2,0.00,0.4989,-0.4902,5.3106,0.0043,0.0000,-0.0000,0.0000,0.0000
2026-06-06 16:41:47.604,0,2,2,0.00,0.5020,-0.5020,5.2609,0.0081,0.0000,-0.0000,0.0000,0.0000
2026-06-06 16:41:47.704,0,2,2,0.00,0.5017,-0.5028,5.2108,0.0121,0.0000,-0.0000,0.0000,0.0000
2026-06-06 16:41:47.804,0,2,2,0.00,0.5011,-0.5059,5.1608,0.0160,0.0000,-0.0000,0.0000,0.0000
2026-06-06 16:41:47.904,0,2,2,0.00,0.5038,-0.5058,5.1105,0.0200,0.0000,-0.0000,0.0000,0.0000
2026-06-06 16:41:48.004,0,2,2,0.00,0.5010,-0.5146,5.0597,0.0241,0.0000,-0.0000,0.0000,0.0000
2026-06-06 16:41:48.104,0,2,2,0.00,0.4965,-0.5036,5.0099,0.0282,0.0000,-0.0000,0.0000,0.0000
2026-06-06 16:41:48.204,0,2,2,0.00,0.5000,-0.5007,4.9599,0.0323,0.0000,-0.0000,0.0000,0.0000
2026-06-06 16:41:48.304,0,2,2,0.00,0.4955,-0.4928,4.9106,0.0364,0.0000,-0.0000,0.0000,0.0000
2026-06-06 16:41:48.404,0,2,2,0.00,0.4989,-0.4922,4.8612,0.0405,0.0000,-0.0000,0.0000,0.0000
2026-06-06 16:41:48.504,0,2,2,0.00,0.5003,-0.4923,4.8117,0.0445,0.0000,-0.0000,0.0000,0.0000
2026-06-06 16:41:48.604,0,2,2,0.00,0.5017,-0.4938,4.7622,0.0485,0.0000,-0.0000,0.0000,0.0000
2026-06-06 16:41:48.704,0,2,2,0.00,0.4969,-0.4917,4.7129,0.0524,0.0000,-0.0000,0.0000,0.0000
2026-06-06 16:41:48.804,0,2,2,0.00,0.5003,-0.4961,4.6634,0.0563,0.0000,-0.0000,0.0000,0.0000
2026-06-06 16:41:48.904,0,2,2,0.00,0.5015,-0.5092,4.6130,0.0602,0.0000,-0.0000,0.0000,0.0000
2026-06-06 16:41:49.004,0,2,2,0.00,0.4995,-0.5013,4.5628,0.0642,0.0000,-0.0000,0.0000,0.0000
2026-06-06 16:41:49.104,0,2,2,0.00,0.5044,-0.5083,4.5124,0.0683,0.0000,-0.0000,0.0000,0.0000
2026-06-06 16:41:49.204,0,2,2,0.00,0.4990,-0.5054,4.4622,0.0724,0.0000,-0.0000,0.0000,0.0000
2026-06-06 16:41:49.304,0,2,2,0.00,0.5006,-0.5059,4.4122,0.0765,0.0000,-0.0000,0.0000,0.0000
2026-06-06 16:41:49.404,0,2,2,0.00,0.4994,-0.4960,4.3623,0.0807,0.0000,-0.0000,0.0000,0.0000
2026-06-06 16:41:49.504,0,2,2,0.00,0.4919,-0.4905,4.3134,0.0847,0.0000,-0.0000,0.0000,0.0000
2026-06-06 16:41:49.604,0,2,2,0.00,0.5020,-0.5004,4.2633,0.0888,0.0000,-0.0000,0.0000,0.0000
2026-06-06 16:41:49.704,0,2,2,0.00,0.5006,-0.4881,4.2140,0.0929,0.0000,-0.0000,0.0000,0.0000
2026-06-06 16:41:49.804,0,2,2,0.00,0.5002,-0.4952,4.1646,0.0968,0.0000,-0.0000,0.0000,0.0000
2026-06-06 16:41:49.904,0,2,2,0.00,0.5002,-0.4956,4.1149,0.1007,0.0000,-0.0000,0.0000,0.0000
2026-06-06 16:41:50.004,0,2,2,0.00,0.4987,-0.5010,4.0652,0.1045,0.0000,-0.0000,0.0000,0.0000
2026-06-06 16:41:50.104,0,2,2,0.00,0.4974,-0.4961,4.0158,0.1084,0.0000,-0.0000,0.0000,0.0000
2026-06-06 16:41:50.204,0,2,2,0.00,0.4996,-0.5049,3.9658,0.1123,0.0000,-0.0000,0.0000,0.0000
2026-06-06 16:41:50.304,0,2,2,0.00,0.5017,-0.5135,3.9153,0.1163,0.0000,-0.0000,0.0000,0.0000
2026-06-06 16:41:50.404,0,2,2,0.00,0.5051,-0.5071,3.8649,0.1203,0.0000,-0.0000,0.0000,0.0000
2026-06-06 16:41:50.504,0,2,2,0.00,0.5011,-0.5059,3.8146,0.1244,0.0000,-0.0000,0.0000,0.0000
2026-06-06 16:41:50.604,0,2,2,0.00,0.4983,-0.4998,3.7648,0.1285,0.0000,-0.0000,0.0000,0.0000
2026-06-06 16:41:50.704,0,2,2,0.00,0.4975,-0.5017,3.7150,0.1326,0.0000,-0.0000,0.0000,0.0000
2026-06-06 16:41:50.804,0,2,2,0.00,0.4981,-0.4978,3.6653,0.1367,0.0000,-0.0000,0.0000,0.0000
2026-06-06 16:41:50.904,0,2,2,0.00,0.5016,-0.4960,3.6156,0.1409,0.0000,-0.0000,0.0000,0.0000
2026-06-06 16:41:51.004,0,2,2,0.00,0.5028,-0.4964,3.5659,0.1449,0.0000,-0.0000,0.0000,0.0000
2026-06-06 16:41:51.104,0,2,2,0.00,0.4995,-0.4969,3.5163,0.1489,0.0000,-0.0000,0.0000,0.0000
2026-06-06 16:41:51.204,0,2,2,0.00,0.4952,-0.4934,3.4669,0.1529,0.0000,-0.0000,0.0000,0.0000
2026-06-06 16:41:51.304,0,2,2,0.00,0.5029,-0.5068,3.4166,0.1569,0.0000,-0.0000,0.0000,0.0000
2026-06-06 16:41:51.404,0,2,2,0.00,0.4961,-0.5006,3.3668,0.1609,0.0000,-0.0000,0.0000,0.0000
2026-06-06 16:41:51.504,0,2,2,0.00,0.4981,-0.5033,3.3171,0.1650,0.0000,-0.0000,0.0000,0.0000
2026-06-06 16:41:51.604,0,2,2,0.00,0.5038,-0.5091,3.2666,0.1692,0.0000,-0.0000,0.0000,0.0000
2026-06-06 16:41:51.704,0,2,2,0.00,0.5021,-0.5106,3.2162,0.1734,0.0000,-0.0000,0.0000,0.0000
2026-06-06 16:41:51.804,0,2,2,0.00,0.5038,-0.5123,3.1655,0.1777,0.0000,-0.0000,0.0000,0.0000
2026-06-06 16:41:51.904,0,2,2,0.00,0.4928,-0.4847,3.1159,0.1821,0.0000,-0.0000,0.0000,0.0000
2026-06-06 16:41:52.004,0,2,2,0.00,0.4990,-0.4992,3.0668,0.1863,0.0000,-0.0000,0.0000,0.0000
2026-06-06 16:41:52.104,0,2,2,0.00,0.4979,-0.4928,3.0172,0.1905,0.0000,-0.0000,0.0000,0.0000
2026-06-06 16:41:52.204,0,2,2,0.00,0.5040,-0.4889,2.9676,0.1947,0.0000,-0.0000,0.0000,0.0000
2026-06-06 16:41:52.304,0,2,2,0.00,0.5016,-0.4968,2.9180,0.1987,0.0000,-0.0000,0.0000,0.0000
2026-06-06 16:41:52.404,0,2,2,0.00,0.4981,-0.4981,2.8683,0.2028,0.0000,-0.0000,0.0000,0.0000
2026-06-06 16:41:52.504,0,2,2,0.00,0.4987,-0.4987,2.8187,0.2068,0.0000,-0.0000,0.0000,0.0000
2026-06-06 16:41:52.604,0,2,2,0.00,0.4987,-0.4931,2.7692,0.2108,0.0000,-0.0000,0.0000,0.0000
2026-06-06 16:41:52.704,0,2,2,0.00,0.4968,-0.5037,2.7195,0.2148,0.0000,-0.0000,0.0000,0.0000
2026-06-06 16:41:52.804,0,2,2,0.00,0.5020,-0.5068,2.6672,0.2191,0.0000,-0.0000,0.0000,0.0000
2026-06-06 16:41:52.904,0,2,2,0.00,0.5032,-0.5071,2.6188,0.2231,0.0000,-0.0000,0.0000,0.0000
2026-06-06 16:41:53.004,0,2,2,0.00,0.5027,-0.5119,2.5682,0.2273,0.0000,-0.0000,0.0000,0.0000
2026-06-06 16:41:53.104,0,2,2,0.00,0.4962,-0.5000,2.5183,0.2315,0.0000,-0.0000,0.0000,0.0000
2026-06-06 16:41:53.204,0,2,2,0.00,0.4979,-0.5021,2.4686,0.2358,0.0000,-0.0000,0.0000,0.0000
2026-06-06 16:41:53.304,0,2,2,0.00,0.5000,-0.4949,2.4189,0.2400,0.0000,-0.0000,0.0000,0.0000
2026-06-06 16:41:53.404,0,2,2,0.00,0.5020,-0.4989,2.3692,0.2442,0.0000,-0.0000,0.0000,0.0000
2026-06-06 16:41:53.504,0,2,2,0.00,0.5063,-0.5033,2.3190,0.2485,0.0000,-0.0000,0.0000,0.0000
2026-06-06 16:41:53.604,0,2,2,0.00,0.4965,-0.4795,2.2701,0.2525,0.0000,-0.0000,0.0000,0.0000
2026-06-06 16:41:53.704,0,2,2,0.00,0.5046,-0.5104,2.2200,0.2566,0.0000,-0.0000,0.0000,0.0000
2026-06-06 16:41:53.804,0,2,2,0.00,0.4972,-0.4965,2.1701,0.2607,0.0000,-0.0000,0.0000,0.0000
2026-06-06 16:41:53.904,0,2,2,0.00,0.4945,-0.4932,2.1210,0.2648,0.0000,-0.0000,0.0000,0.0000
2026-06-06 16:41:54.004,0,2,2,0.00,0.5013,-0.5061,2.0709,0.2689,0.0000,-0.0000,0.0000,0.0000
2026-06-06 16:41:54.104,0,2,2,0.00,0.4989,-0.5042,2.0211,0.2730,0.0000,-0.0000,0.0000,0.0000
2026-06-06 16:41:54.204,0,2,2,0.00,0.5074,-0.5227,1.9700,0.2773,0.0000,-0.0000,0.0000,0.0000
2026-06-06 16:41:54.304,0,2,2,0.00,0.4987,-0.4939,1.9200,0.2816,0.0000,-0.0000,0.0000,0.0000
2026-06-06 16:41:54.404,0,2,2,0.00,0.4977,-0.4992,1.8704,0.2858,0.0000,-0.0000,0.0000,0.0000
2026-06-06 16:41:54.504,0,2,2,0.00,0.5007,-0.5038,1.8204,0.2901,0.0000,-0.0000,0.0000,0.0000
2026-06-06 16:41:54.604,0,2,2,0.00,0.4985,-0.4948,1.7711,0.2943,0.0000,-0.0000,0.0000,0.0000
2026-06-06 16:41:54.704,0,2,2,0.00,0.5017,-0.5010,1.7212,0.2986,0.0000,-0.0000,0.0000,0.0000
2026-06-06 16:41:54.804,0,2,2,0.00,0.4990,-0.4919,1.6717,0.3027,0.0000,-0.0000,0.0000,0.0000
2026-06-06 16:41:54.904,0,2,2,0.00,0.5019,-0.4989,1.6220,0.3068,0.0000,-0.0000,0.0000,0.0000
2026-06-06 16:41:55.004,0,2,2,0.00,0.4957,-0.4922,1.5725,0.3108,0.0000,-0.0000,0.0000,0.0000
2026-06-06 16:41:55.104,0,2,2,0.00,0.4973,-0.4948,1.5233,0.3148,0.0000,-0.0000,0.0000,0.0000
2026-06-06 16:41:55.204,0,2,2,0.00,0.4953,-0.5004,1.4737,0.3188,0.0000,-0.0000,0.0000,0.0000
2026-06-06 16:41:55.304,0,2,2,0.00,0.5023,-0.5029,1.4238,0.3229,0.0000,-0.0000,0.0000,0.0000
2026-06-06 16:41:55.404,0,2,2,0.00,0.5063,-0.5114,1.3730,0.3270,0.0000,-0.0000,0.0000,0.0000
2026-06-06 16:41:55.504,0,2,2,0.00,0.4977,-0.4973,1.3229,0.3312,0.0000,-0.0000,0.0000,0.0000
2026-06-06 16:41:55.604,0,2,2,0.00,0.4991,-0.5000,1.2730,0.3354,0.0000,-0.0000,0.0000,0.0000
2026-06-06 16:41:55.704,0,2,2,0.00,0.4983,-0.4955,1.2236,0.3395,0.0000,-0.0000,0.0000,0.0000
2026-06-06 16:41:55.804,0,2,2,0.00,0.5013,-0.4969,1.1741,0.3436,0.0000,-0.0000,0.0000,0.0000
2026-06-06 16:41:55.904,0,2,2,0.00,0.5047,-0.5046,1.1238,0.3478,0.0000,-0.0000,0.0000,0.0000
2026-06-06 16:41:56.004,0,2,2,0.00,0.5028,-0.4902,1.0743,0.3518,0.0000,-0.0000,0.0000,0.0000
2026-06-06 16:41:56.104,0,2,2,0.00,0.5008,-0.5010,1.0245,0.3558,0.0000,-0.0000,0.0000,0.0000
2026-06-06 16:41:56.204,0,2,2,0.00,0.4981,-0.4927,0.9747,0.3599,0.0000,-0.0000,0.0000,0.0000
2026-06-06 16:41:56.304,0,2,2,0.00,0.4927,-0.4927,0.9258,0.3638,0.0000,-0.0000,0.0000,0.0000
2026-06-06 16:41:56.404,0,2,2,0.00,0.5002,-0.5006,0.8760,0.3677,0.0000,-0.0000,0.0000,0.0000
2026-06-06 16:41:56.504,0,2,2,0.00,0.4990,-0.5002,0.8263,0.3717,0.0000,-0.0000,0.0000,0.0000
2026-06-06 16:41:56.604,0,2,2,0.00,0.5047,-0.5108,0.7759,0.3758,0.0000,-0.0000,0.0000,0.0000
2026-06-06 16:41:56.704,0,2,2,0.00,0.5059,-0.5085,0.7249,0.3799,0.0000,-0.0000,0.0000,0.0000
2026-06-06 16:41:56.804,0,2,2,0.00,0.4975,-0.5092,0.6754,0.3840,0.0000,-0.0000,0.0000,0.0000
2026-06-06 16:41:56.904,0,2,2,0.00,0.4995,-0.5015,0.6253,0.3881,0.0000,-0.0000,0.0000,0.0000
2026-06-06 16:41:57.004,0,2,2,0.00,0.4990,-0.5030,0.5756,0.3923,0.0000,-0.0000,0.0000,0.0000
2026-06-06 16:41:57.104,0,2,2,0.00,0.5030,-0.5051,0.5256,0.3965,0.0000,-0.0000,0.0000,0.0000
2026-06-06 16:41:57.204,0,2,2,0.00,0.5008,-0.4924,0.4758,0.4008,0.0000,-0.0000,0.0000,0.0000
2026-06-06 16:41:57.304,0,2,2,0.00,0.5030,-0.4992,0.4260,0.4049,0.0000,-0.0000,0.0000,0.0000
2026-06-06 16:41:57.404,0,2,2,0.00,0.4975,-0.4837,0.3754,0.4091,0.0000,-0.0000,0.0000,0.0000
2026-06-06 16:41:57.504,0,2,2,0.00,0.4966,-0.4859,0.3280,0.4129,0.0000,-0.0000,0.0000,0.0000
2026-06-06 16:41:57.604,0,2,2,0.00,0.4975,-0.4917,0.2787,0.4168,0.0000,-0.0000,0.0000,0.0000
2026-06-06 16:41:57.704,0,2,2,0.00,0.4943,-0.4896,0.2295,0.4206,0.0000,-0.0000,0.0000,0.0000
2026-06-06 16:41:57.804,0,2,2,0.00,0.5019,-0.4906,0.1800,0.4244,0.0000,-0.0000,0.0000,0.0000
2026-06-06 16:41:57.904,0,2,2,0.00,0.5059,-0.4960,0.1303,0.4282,0.0000,-0.0000,0.0000,0.0000
2026-06-06 16:41:58.004,0,2,2,0.00,0.5045,-0.5045,0.0801,0.4319,0.0000,-0.0000,0.0000,0.0000
2026-06-06 16:41:58.104,0,2,2,0.00,0.4478,-0.4750,0.0327,0.4354,0.0000,-0.0000,0.0000,0.0000
2026-06-06 16:41:58.204,0,2,2,0.00,0.3826,-0.4125,-0.0088,0.4388,0.0000,-0.0000,0.0000,0.0000
2026-06-06 16:41:58.304,0,2,2,0.00,0.3379,-0.3660,-0.0453,0.4420,0.0000,-0.0000,0.0000,0.0000
2026-06-06 16:41:58.404,0,2,2,0.00,0.2583,-0.3211,-0.0761,0.4449,0.0000,-0.0000,0.0000,0.0000
2026-06-06 16:41:58.504,0,2,2,0.00,0.2050,-0.2168,-0.0991,0.4472,0.0000,-0.0000,0.0000,0.0000
2026-06-06 16:41:58.604,0,2,2,0.00,0.1060,-0.1504,-0.1152,0.4490,0.0000,-0.0000,0.0000,0.0000
2026-06-06 16:41:58.704,0,2,2,0.00,0.0571,-0.0435,-0.1219,0.4498,0.0000,-0.0000,0.0000,0.0000
2026-06-06 16:41:58.804,0,2,2,0.00,0.0018,-0.0147,-0.1234,0.4500,0.0000,-0.0000,0.0000,0.0000
2026-06-06 16:41:58.904,0,2,2,0.00,-0.0004,0.0094,-0.1233,0.4500,0.0000,-0.0000,0.0000,0.0000
2026-06-06 16:41:59.004,0,2,2,0.00,-0.0003,0.0123,-0.1226,0.4499,0.0000,-0.0000,0.0000,0.0000
2026-06-06 16:41:59.104,0,2,2,0.00,-0.0004,0.0147,-0.1220,0.4498,0.0000,-0.0000,0.0000,0.0000
2026-06-06 16:41:59.204,0,2,2,0.00,-0.0005,0.0086,-0.1213,0.4497,0.0000,-0.0000,0.0000,0.0000
2026-06-06 16:41:59.304,0,2,2,0.00,-0.0004,0.0076,-0.1209,0.4497,0.0000,-0.0000,0.0000,0.0000
2026-06-06 16:41:59.404,0,2,2,0.00,-0.0013,0.0022,-0.1208,0.4497,0.0000,-0.0000,0.0000,0.0000
2026-06-06 16:41:59.504,0,2,2,0.00,0.0003,0.0000,-0.1208,0.4497,0.0000,-0.0000,0.0000,0.0000
2026-06-06 16:41:59.604,0,2,2,0.00,0.0000,0.0001,-0.1208,0.4497,0.0000,-0.0000,0.0000,0.0000
2026-06-06 16:41:59.704,0,2,2,0.00,0.0000,0.0001,-0.1208,0.4497,0.0000,-0.0000,0.0000,0.0000
2026-06-06 16:41:59.804,0,2,2,0.00,-0.0001,0.0000,-0.1208,0.4497,0.0000,-0.0000,0.0000,0.0000
2026-06-06 16:41:59.904,0,2,2,0.00,0.0000,0.0000,-0.1208,0.4497,0.0000,-0.0000,0.0000,0.0000
2026-06-06 16:42:00.004,0,2,2,0.00,0.0001,0.0001,-0.1208,0.4497,0.0000,-0.0000,0.0000,0.0000
2026-06-06 16:42:00.104,0,2,2,0.00,-0.0001,0.0000,-0.1208,0.4497,0.0000,-0.0000,0.0000,0.0000
2026-06-06 16:42:00.212,0,2,2,0.00,0.0001,0.0000,-0.1208,0.4497,0.0000,-0.0000,0.0000,0.0000
2026-06-06 16:42:00.304,0,2,2,0.00,0.0000,0.0000,-0.1208,0.4497,0.0000,-0.0000,0.0000,0.0000
2026-06-06 16:42:00.404,0,2,2,0.00,0.0000,0.0001,-0.1208,0.4497,0.0000,-0.0000,0.0000,0.0000
2026-06-06 16:42:00.504,0,2,2,0.00,0.0000,0.0000,-0.1208,0.4497,0.0000,-0.0000,0.0000,0.0000
2026-06-06 16:42:00.604,0,2,2,0.00,0.0000,0.0000,-0.1208,0.4497,0.0000,-0.0000,0.0000,0.0000
2026-06-06 16:42:00.704,0,2,2,0.00,0.0003,0.0000,-0.1208,0.4497,0.0000,-0.0000,0.0000,0.0000
2026-06-06 16:42:00.804,0,2,2,0.00,0.0000,0.0000,-0.1208,0.4497,0.0000,-0.0000,0.0000,0.0000
2026-06-06 16:42:00.904,0,2,2,0.00,0.0000,0.0000,-0.1208,0.4497,0.0000,-0.0000,0.0000,0.0000
2026-06-06 16:42:01.004,0,2,2,0.00,0.0003,0.0000,-0.1208,0.4497,0.0000,-0.0000,0.0000,0.0000
2026-06-06 16:42:01.104,0,2,2,0.00,-0.0001,0.0000,-0.1208,0.4497,0.0000,-0.0000,0.0000,0.0000
2026-06-06 16:42:01.204,0,2,2,0.00,0.0000,0.0000,-0.1208,0.4497,0.0000,-0.0000,0.0000,0.0000
2026-06-06 16:42:01.304,0,2,2,0.00,0.0000,0.0000,-0.1208,0.4497,0.0000,-0.0000,0.0000,0.0000
2026-06-06 16:42:01.404,0,2,2,0.00,0.0000,0.0003,-0.1208,0.4497,0.0000,-0.0000,0.0000,0.0000
2026-06-06 16:42:01.504,0,2,2,0.00,0.0000,-0.0001,-0.1208,0.4497,0.0000,-0.0000,0.0000,0.0000
2026-06-06 16:42:01.604,0,2,2,0.00,0.0001,0.0001,-0.1208,0.4497,0.0000,-0.0000,0.0000,0.0000
2026-06-06 16:42:01.704,0,2,2,0.00,0.0004,-0.0001,-0.1208,0.4497,0.0000,-0.0000,0.0000,0.0000
2026-06-06 16:42:01.804,0,2,2,0.00,-0.0001,0.0000,-0.1208,0.4497,0.0000,-0.0000,0.0000,0.0000
2026-06-06 16:42:01.904,0,2,2,0.00,0.0000,0.0000,-0.1208,0.4497,0.0000,-0.0000,0.0000,0.0000
2026-06-06 16:42:02.004,0,2,2,0.00,0.0001,0.0000,-0.1208,0.4497,0.0000,-0.0000,0.0000,0.0000
2026-06-06 16:42:02.104,0,2,2,0.00,0.0001,0.0000,-0.1208,0.4497,0.0000,-0.0000,0.0000,0.0000
2026-06-06 16:42:02.204,0,2,2,0.00,0.0000,0.0000,-0.1208,0.4497,0.0000,-0.0000,0.0000,0.0000
2026-06-06 16:42:02.304,0,2,2,0.00,0.0001,0.0000,-0.1208,0.4497,0.0000,-0.0000,0.0000,0.0000
2026-06-06 16:42:02.404,0,2,2,0.00,0.0000,0.0005,-0.1208,0.4497,0.0000,-0.0000,0.0000,0.0000
2026-06-06 16:42:02.504,0,2,2,0.00,0.0000,0.0000,-0.1208,0.4497,0.0000,-0.0000,0.0000,0.0000
2026-06-06 16:42:02.604,0,2,2,0.00,0.0000,0.0001,-0.1208,0.4497,0.0000,-0.0000,0.0000,0.0000
2026-06-06 16:42:02.704,0,2,2,0.00,0.0000,0.0000,-0.1208,0.4497,0.0000,-0.0000,0.0000,0.0000
2026-06-06 16:42:02.804,0,2,2,0.00,-0.0003,0.0001,-0.1208,0.4497,0.0000,-0.0000,0.0000,0.0000
2026-06-06 16:42:02.904,0,2,2,0.00,0.0000,0.0000,-0.1208,0.4497,0.0000,-0.0000,0.0000,0.0000
2026-06-06 16:42:03.004,0,2,2,0.00,0.0001,0.0000,-0.1208,0.4497,0.0000,-0.0000,0.0000,0.0000
2026-06-06 16:42:03.104,0,2,2,0.00,0.0001,-0.0001,-0.1208,0.4497,0.0000,-0.0000,0.0000,0.0000
2026-06-06 16:42:03.204,0,2,2,0.00,0.0000,0.0000,-0.1208,0.4497,0.0000,-0.0000,0.0000,0.0000
2026-06-06 16:42:03.304,0,2,2,0.00,0.0000,0.0001,-0.1208,0.4497,0.0000,-0.0000,0.0000,0.0000
2026-06-06 16:42:03.404,0,2,2,0.00,0.0000,0.0004,-0.1208,0.4497,0.0000,-0.0000,0.0000,0.0000
2026-06-06 16:42:03.504,0,2,2,0.00,0.0000,0.0000,-0.1208,0.4497,0.0000,-0.0000,0.0000,0.0000
2026-06-06 16:42:03.604,0,2,2,0.00,0.0001,0.0000,-0.1208,0.4497,0.0000,-0.0000,0.0000,0.0000
2026-06-06 16:42:03.704,0,2,2,0.00,0.0001,0.0000,-0.1208,0.4497,0.0000,-0.0000,0.0000,0.0000
2026-06-06 16:42:03.804,0,2,2,0.00,-0.0001,0.0000,-0.1208,0.4497,0.0000,-0.0000,0.0000,0.0000
2026-06-06 16:42:03.906,0,2,2,0.00,0.0000,0.0000,-0.1208,0.4497,0.0000,-0.0000,0.0000,0.0000
2026-06-06 16:42:04.004,0,2,2,0.00,0.0000,0.0000,-0.1208,0.4497,0.0000,-0.0000,0.0000,0.0000
2026-06-06 16:42:04.104,0,2,2,0.00,0.0001,0.0001,-0.1208,0.4497,0.0000,-0.0000,0.0000,0.0000
2026-06-06 16:42:04.204,0,2,2,0.00,-0.0001,-0.0001,-0.1208,0.4497,0.0000,-0.0000,0.0000,0.0000
2026-06-06 16:42:04.304,0,2,2,0.00,0.0000,0.0000,-0.1208,0.4497,0.0000,-0.0000,0.0000,0.0000
2026-06-06 16:42:04.404,0,2,2,0.00,0.0003,0.0001,-0.1208,0.4497,0.0000,-0.0000,0.0000,0.0000
2026-06-06 16:42:04.504,0,2,2,0.00,0.0001,0.0001,-0.1208,0.4497,0.0000,-0.0000,0.0000,0.0000
2026-06-06 16:42:04.604,0,2,2,0.00,0.0000,0.0000,-0.1208,0.4497,0.0000,-0.0000,0.0000,0.0000
2026-06-06 16:42:04.704,0,2,2,0.00,-0.0001,0.0000,-0.1208,0.4497,0.0000,-0.0000,0.0000,0.0000
2026-06-06 16:42:04.804,0,2,2,0.00,-0.0001,0.0000,-0.1208,0.4497,0.0000,-0.0000,0.0000,0.0000
2026-06-06 16:42:04.905,0,2,2,0.00,0.0000,0.0000,-0.1208,0.4497,0.0000,-0.0000,0.0000,0.0000
2026-06-06 16:42:05.004,0,2,2,0.00,0.0000,0.0000,-0.1208,0.4497,0.0000,-0.0000,0.0000,0.0000
2026-06-06 16:42:05.104,0,2,2,0.00,-0.0001,-0.0001,-0.1208,0.4497,0.0000,-0.0000,0.0000,0.0000
2026-06-06 16:42:05.204,0,2,2,0.00,0.0000,0.0000,-0.1208,0.4497,0.0000,-0.0000,0.0000,0.0000
2026-06-06 16:42:05.304,0,2,2,0.00,-0.0001,0.0001,-0.1208,0.4497,0.0000,-0.0000,0.0000,0.0000
2026-06-06 16:42:05.404,0,2,2,0.00,0.0000,0.0003,-0.1208,0.4497,0.0000,-0.0000,0.0000,0.0000
2026-06-06 16:42:05.504,0,2,2,0.00,0.0001,0.0001,-0.1208,0.4497,0.0000,-0.0000,0.0000,0.0000
2026-06-06 16:42:05.604,0,2,2,0.00,0.0000,0.0000,-0.1208,0.4497,0.0000,-0.0000,0.0000,0.0000
2026-06-06 16:42:05.704,0,2,2,0.00,0.0000,-0.0001,-0.1208,0.4497,0.0000,-0.0000,0.0000,0.0000
2026-06-06 16:42:05.804,0,2,2,0.00,0.0000,0.0000,-0.1208,0.4497,0.0000,-0.0000,0.0000,0.0000
2026-06-06 16:42:05.904,0,2,2,0.00,0.0000,0.0000,-0.1208,0.4497,0.0000,-0.0000,0.0000,0.0000
2026-06-06 16:42:06.004,0,2,2,0.00,0.0000,0.0000,-0.1208,0.4497,0.0000,-0.0000,0.0000,0.0000
2026-06-06 16:42:06.104,0,2,2,0.00,0.0000,-0.0003,-0.1208,0.4497,0.0000,-0.0000,0.0000,0.0000
2026-06-06 16:42:06.204,0,2,2,0.00,0.0000,0.0001,-0.1208,0.4497,0.0000,-0.0000,0.0000,0.0000
2026-06-06 16:42:06.304,0,2,2,0.00,0.0003,0.0001,-0.1208,0.4497,0.0000,-0.0000,0.0000,0.0000
2026-06-06 16:42:06.404,0,2,2,0.00,-0.0001,-0.0001,-0.1208,0.4497,0.0000,-0.0000,0.0000,0.0000
2026-06-06 16:42:06.505,0,2,2,0.00,-0.0001,0.0001,-0.1208,0.4497,0.0000,-0.0000,0.0000,0.0000
2026-06-06 16:42:06.604,0,2,2,0.00,0.0001,0.0000,-0.1208,0.4497,0.0000,-0.0000,0.0000,0.0000
2026-06-06 16:42:06.704,0,2,2,0.00,0.0000,0.0000,-0.1208,0.4497,0.0000,-0.0000,0.0000,0.0000
2026-06-06 16:42:06.804,0,2,2,0.00,0.0001,-0.0008,-0.1208,0.4497,0.0000,-0.0000,0.0000,0.0000
2026-06-06 16:42:06.904,0,2,2,0.00,0.0000,0.0001,-0.1208,0.4497,0.0000,-0.0000,0.0000,0.0000
2026-06-06 16:42:07.004,0,2,2,0.00,-0.0001,0.0000,-0.1208,0.4497,0.0000,-0.0000,0.0000,0.0000
2026-06-06 16:42:07.104,0,2,2,0.00,0.0000,0.0000,-0.1208,0.4497,0.0000,-0.0000,0.0000,0.0000
2026-06-06 16:42:07.204,0,2,2,0.00,0.0000,0.0000,-0.1208,0.4497,0.0000,-0.0000,0.0000,0.0000
2026-06-06 16:42:07.304,0,2,2,0.00,-0.0004,0.0000,-0.1208,0.4497,0.0000,-0.0000,0.0000,0.0000
2026-06-06 16:42:07.404,0,2,2,0.00,0.0000,0.0001,-0.1208,0.4497,0.0000,-0.0000,0.0000,0.0000
2026-06-06 16:42:07.504,0,2,2,0.00,-0.0001,-0.0001,-0.1208,0.4497,0.0000,-0.0000,0.0000,0.0000
2026-06-06 16:42:07.604,0,2,2,0.00,0.0000,0.0000,-0.1208,0.4497,0.0000,-0.0000,0.0000,0.0000
2026-06-06 16:42:07.704,0,2,2,0.00,-0.0001,-0.0003,-0.1208,0.4497,0.0000,-0.0000,0.0000,0.0000
2026-06-06 16:42:07.804,0,2,2,0.00,0.0001,0.0000,-0.1208,0.4497,0.0000,-0.0000,0.0000,0.0000
2026-06-06 16:42:07.904,0,2,2,0.00,-0.0003,-0.0001,-0.1208,0.4497,0.0000,-0.0000,0.0000,0.0000
2026-06-06 16:42:08.004,0,2,2,0.00,-0.0001,-0.0001,-0.1208,0.4497,0.0000,-0.0000,0.0000,0.0000
2026-06-06 16:42:08.104,0,2,2,0.00,0.0000,0.0000,-0.1208,0.4497,0.0000,-0.0000,0.0000,0.0000
2026-06-06 16:42:08.204,0,2,2,0.00,0.0001,0.0000,-0.1208,0.4497,0.0000,-0.0000,0.0000,0.0000
2026-06-06 16:42:08.304,0,2,2,0.00,0.0000,0.0003,-0.1208,0.4497,0.0000,-0.0000,0.0000,0.0000
2026-06-06 16:42:08.404,0,2,2,0.00,0.0000,0.0000,-0.1208,0.4497,0.0000,-0.0000,0.0000,0.0000
2026-06-06 16:42:08.504,0,2,2,0.00,-0.0005,0.0000,-0.1208,0.4497,0.0000,-0.0000,0.0000,0.0000
2026-06-06 16:42:08.604,0,2,2,0.00,0.0001,0.0001,-0.1208,0.4497,0.0000,-0.0000,0.0000,0.0000
2026-06-06 16:42:08.704,0,2,2,0.00,0.0001,0.0000,-0.1208,0.4497,0.0000,-0.0000,0.0000,0.0000
2026-06-06 16:42:08.804,0,2,2,0.00,0.0000,-0.0001,-0.1208,0.4497,0.0000,-0.0000,0.0000,0.0000
2026-06-06 16:42:08.904,0,2,2,0.00,-0.0001,0.0000,-0.1208,0.4497,0.0000,-0.0000,0.0000,0.0000
2026-06-06 16:42:09.004,0,2,2,0.00,0.0000,-0.0001,-0.1208,0.4497,0.0000,-0.0000,0.0000,0.0000
2026-06-06 16:42:09.104,0,2,2,0.00,0.0000,0.0001,-0.1208,0.4497,0.0000,-0.0000,0.0000,0.0000
2026-06-06 16:42:09.204,0,2,2,0.00,0.0000,-0.0001,-0.1208,0.4497,0.0000,-0.0000,0.0000,0.0000
2026-06-06 16:42:09.304,0,2,2,0.00,0.0000,0.0000,-0.1208,0.4497,0.0000,-0.0000,0.0000,0.0000
2026-06-06 16:42:09.404,0,2,2,0.00,-0.0003,0.0001,-0.1208,0.4497,0.0000,-0.0000,0.0000,0.0000
2026-06-06 16:42:09.504,0,2,2,0.00,0.0000,0.0000,-0.1208,0.4497,0.0000,-0.0000,0.0000,0.0000
2026-06-06 16:42:09.604,0,2,2,0.00,0.0000,0.0001,-0.1208,0.4497,0.0000,-0.0000,0.0000,0.0000
2026-06-06 16:42:09.704,0,2,2,0.00,0.0000,0.0000,-0.1208,0.4497,0.0000,-0.0000,0.0000,0.0000
2026-06-06 16:42:09.804,0,2,2,0.00,0.0000,-0.0001,-0.1208,0.4497,0.0000,-0.0000,0.0000,0.0000
2026-06-06 16:42:09.904,0,2,2,0.00,0.0000,0.0000,-0.1208,0.4497,0.0000,-0.0000,0.0000,0.0000
2026-06-06 16:42:10.004,0,2,2,0.00,0.0001,0.0000,-0.1208,0.4497,0.0000,-0.0000,0.0000,0.0000
2026-06-06 16:42:10.104,0,2,2,0.00,0.0000,-0.0003,-0.1208,0.4497,0.0000,-0.0000,0.0000,0.0000
2026-06-06 16:42:10.204,0,2,2,0.00,0.0001,0.0000,-0.1208,0.4497,0.0000,-0.0000,0.0000,0.0000
2026-06-06 16:42:10.304,0,2,2,0.00,0.0000,-0.0001,-0.1208,0.4497,0.0000,-0.0000,0.0000,0.0000
2026-06-06 16:42:10.404,0,2,2,0.00,0.0001,0.0001,-0.1208,0.4497,0.0000,-0.0000,0.0000,0.0000
2026-06-06 16:42:10.504,0,2,2,0.00,0.0005,0.0000,-0.1208,0.4497,0.0000,-0.0000,0.0000,0.0000
2026-06-06 16:42:10.604,0,2,2,0.00,0.0001,0.0000,-0.1208,0.4497,0.0000,-0.0000,0.0000,0.0000
2026-06-06 16:42:10.704,0,2,2,0.00,-0.0003,0.0000,-0.1208,0.4497,0.0000,-0.0000,0.0000,0.0000
2026-06-06 16:42:10.804,0,2,2,0.00,0.0000,0.0000,-0.1208,0.4497,0.0000,-0.0000,0.0000,0.0000
2026-06-06 16:42:10.904,0,2,2,0.00,0.0004,-0.0001,-0.1208,0.4497,0.0000,-0.0000,0.0000,0.0000
2026-06-06 16:42:11.004,0,2,2,0.00,0.0000,-0.0001,-0.1208,0.4497,0.0000,-0.0000,0.0000,0.0000
2026-06-06 16:42:11.104,0,2,2,0.00,-0.0001,0.0000,-0.1208,0.4497,0.0000,-0.0000,0.0000,0.0000
2026-06-06 16:42:11.204,0,2,2,0.00,0.0000,-0.0001,-0.1208,0.4497,0.0000,-0.0000,0.0000,0.0000
2026-06-06 16:42:11.304,0,2,2,0.00,0.0001,-0.0001,-0.1208,0.4497,0.0000,-0.0000,0.0000,0.0000
2026-06-06 16:42:11.404,0,2,2,0.00,0.0000,0.0000,-0.1208,0.4497,0.0000,-0.0000,0.0000,0.0000
2026-06-06 16:42:11.504,0,2,2,0.00,0.0000,0.0001,-0.1208,0.4497,0.0000,-0.0000,0.0000,0.0000
2026-06-06 16:42:11.604,0,2,2,0.00,-0.0003,-0.0001,-0.1208,0.4497,0.0000,-0.0000,0.0000,0.0000
2026-06-06 16:42:11.704,0,2,2,0.00,-0.0001,-0.0003,-0.1208,0.4497,0.0000,-0.0000,0.0000,0.0000
2026-06-06 16:42:11.804,0,2,2,0.00,0.0005,-0.0003,-0.1208,0.4497,0.0000,-0.0000,0.0000,0.0000
2026-06-06 16:42:11.904,0,2,2,0.00,-0.0001,0.0001,-0.1208,0.4497,0.0000,-0.0000,0.0000,0.0000
2026-06-06 16:42:12.004,0,2,2,0.00,0.0003,0.0000,-0.1208,0.4497,0.0000,-0.0000,0.0000,0.0000
2026-06-06 16:42:12.104,0,2,2,0.00,-0.0005,-0.0003,-0.1208,0.4497,0.0000,-0.0000,0.0000,0.0000
2026-06-06 16:42:12.204,0,2,2,0.00,0.0000,0.0001,-0.1208,0.4497,0.0000,-0.0000,0.0000,0.0000
2026-06-06 16:42:12.304,0,2,2,0.00,0.0000,0.0001,-0.1208,0.4497,0.0000,-0.0000,0.0000,0.0000
2026-06-06 16:42:12.404,0,2,2,0.00,0.0000,-0.0001,-0.1208,0.4497,0.0000,-0.0000,0.0000,0.0000
2026-06-06 16:42:12.504,0,2,2,0.00,-0.0004,-0.0001,-0.1208,0.4497,0.0000,-0.0000,0.0000,0.0000
2026-06-06 16:42:12.604,0,2,2,0.00,0.0001,0.0000,-0.1208,0.4497,0.0000,-0.0000,0.0000,0.0000
2026-06-06 16:42:12.704,0,2,2,0.00,-0.0003,0.0000,-0.1208,0.4497,0.0000,-0.0000,0.0000,0.0000
2026-06-06 16:42:12.804,0,2,2,0.00,-0.0001,0.0000,-0.1208,0.4497,0.0000,-0.0000,0.0000,0.0000
2026-06-06 16:42:12.904,0,2,2,0.00,0.0000,0.0000,-0.1208,0.4497,0.0000,-0.0000,0.0000,0.0000
2026-06-06 16:42:13.004,0,2,2,0.00,0.0000,0.0000,-0.1208,0.4497,0.0000,-0.0000,0.0000,0.0000
2026-06-06 16:42:13.104,0,2,2,0.00,0.0001,-0.0001,-0.1208,0.4497,0.0000,-0.0000,0.0000,0.0000
2026-06-06 16:42:13.204,0,2,2,0.00,0.0001,0.0001,-0.1208,0.4497,0.0000,-0.0000,0.0000,0.0000
2026-06-06 16:42:13.304,0,2,2,0.00,-0.0001,-0.0003,-0.1208,0.4497,0.0000,-0.0000,0.0000,0.0000
2026-06-06 16:42:13.404,0,2,2,0.00,0.0000,0.0000,-0.1208,0.4497,0.0000,-0.0000,0.0000,0.0000
2026-06-06 16:42:13.504,0,2,2,0.00,0.0003,0.0000,-0.1208,0.4497,0.0000,-0.0000,0.0000,0.0000
2026-06-06 16:42:13.604,0,2,2,0.00,0.0003,0.0000,-0.1208,0.4497,0.0000,-0.0000,0.0000,0.0000
2026-06-06 16:42:13.704,0,2,2,0.00,0.0000,-0.0001,-0.1208,0.4497,0.0000,-0.0000,0.0000,0.0000
2026-06-06 16:42:13.804,0,2,2,0.00,0.0005,0.0001,-0.1208,0.4497,0.0000,-0.0000,0.0000,0.0000
2026-06-06 16:42:13.904,0,2,2,0.00,-0.0001,0.0000,-0.1208,0.4497,0.0000,-0.0000,0.0000,0.0000
2026-06-06 16:42:14.004,0,2,2,0.00,-0.0001,0.0000,-0.1208,0.4497,0.0000,-0.0000,0.0000,0.0000
2026-06-06 16:42:14.104,0,2,2,0.00,0.0001,0.0000,-0.1208,0.4497,0.0000,-0.0000,0.0000,0.0000
2026-06-06 16:42:14.204,0,2,2,0.00,0.0000,0.0000,-0.1208,0.4497,0.0000,-0.0000,0.0000,0.0000
2026-06-06 16:42:14.304,0,2,2,0.00,0.0000,0.0000,-0.1208,0.4497,0.0000,-0.0000,0.0000,0.0000
2026-06-06 16:42:14.404,0,2,2,0.00,-0.0001,0.0000,-0.1208,0.4497,0.0000,-0.0000,0.0000,0.0000
2026-06-06 16:42:14.505,0,2,2,0.00,-0.0003,0.0001,-0.1208,0.4497,0.0000,-0.0000,0.0000,0.0000
2026-06-06 16:42:14.604,0,2,2,0.00,0.0000,0.0000,-0.1208,0.4497,0.0000,-0.0000,0.0000,0.0000
2026-06-06 16:42:14.704,0,2,2,0.00,0.0000,0.0000,-0.1208,0.4497,0.0000,-0.0000,0.0000,0.0000
2026-06-06 16:42:14.804,0,2,2,0.00,0.0000,-0.0001,-0.1208,0.4497,0.0000,-0.0000,0.0000,0.0000
2026-06-06 16:42:14.904,0,2,2,0.00,-0.0001,0.0000,-0.1208,0.4497,0.0000,-0.0000,0.0000,0.0000
2026-06-06 16:42:15.004,0,2,2,0.00,0.0000,0.0000,-0.1208,0.4497,0.0000,-0.0000,0.0000,0.0000
2026-06-06 16:42:15.104,0,2,2,0.00,0.0000,0.0000,-0.1208,0.4497,0.0000,-0.0000,0.0000,0.0000
2026-06-06 16:42:15.204,0,2,2,0.00,0.0000,0.0000,-0.1208,0.4497,0.0000,-0.0000,0.0000,0.0000
2026-06-06 16:42:15.304,0,2,2,0.00,-0.0004,0.0000,-0.1208,0.4497,0.0000,-0.0000,0.0000,0.0000
2026-06-06 16:42:15.404,0,2,2,0.00,0.0001,-0.0001,-0.1208,0.4497,0.0000,-0.0000,0.0000,0.0000
2026-06-06 16:42:15.510,0,2,2,0.00,-0.0003,0.0000,-0.1208,0.4497,0.0000,-0.0000,0.0000,0.0000
2026-06-06 16:42:15.604,0,2,2,0.00,-0.0001,0.0001,-0.1208,0.4497,0.0000,-0.0000,0.0000,0.0000
2026-06-06 16:42:15.705,0,2,2,0.00,0.0000,0.0000,-0.1208,0.4497,0.0000,-0.0000,0.0000,0.0000
2026-06-06 16:42:15.804,0,2,2,0.00,0.0000,0.0000,-0.1208,0.4497,0.0000,-0.0000,0.0000,0.0000
2026-06-06 16:42:15.904,0,2,2,0.00,0.0000,0.0000,-0.1208,0.4497,0.0000,-0.0000,0.0000,0.0000
2026-06-06 16:42:16.004,0,2,2,0.00,0.0000,0.0000,-0.1208,0.4497,0.0000,-0.0000,0.0000,0.0000
2026-06-06 16:42:16.104,0,2,2,0.00,-0.0003,0.0000,-0.1208,0.4497,0.0000,-0.0000,0.0000,0.0000
2026-06-06 16:42:16.204,0,2,2,0.00,-0.0003,0.0000,-0.1208,0.4497,0.0000,-0.0000,0.0000,0.0000
2026-06-06 16:42:16.304,0,2,2,0.00,0.0000,0.0000,-0.1208,0.4497,0.0000,-0.0000,0.0000,0.0000
2026-06-06 16:42:16.404,0,2,2,0.00,0.0000,-0.0001,-0.1208,0.4497,0.0000,-0.0000,0.0000,0.0000
2026-06-06 16:42:16.504,0,2,2,0.00,0.0000,0.0000,-0.1208,0.4497,0.0000,-0.0000,0.0000,0.0000
2026-06-06 16:42:16.605,0,1,2,0.00,0.0000,0.0000,-0.1208,0.4497,0.0000,-0.0000,0.0000,0.0000
2026-06-06 16:42:16.704,0,2,2,0.00,0.0000,0.0003,-0.1208,0.4497,0.0000,-0.0000,0.0000,0.0000
2026-06-06 16:42:16.809,0,2,2,0.00,0.0000,0.0001,-0.1208,0.4497,0.0000,-0.0000,0.0000,0.0000
2026-06-06 16:42:16.904,0,2,2,0.00,0.0000,0.0000,-0.1208,0.4497,0.0000,-0.0000,0.0000,0.0000
2026-06-06 16:42:17.004,0,2,2,0.00,0.0000,0.0000,-0.1208,0.4497,0.0000,-0.0000,0.0000,0.0000
2026-06-06 16:42:17.104,0,2,2,0.00,0.0000,0.0000,-0.1208,0.4497,0.0000,-0.0000,0.0000,0.0000
2026-06-06 16:42:17.205,0,2,2,0.00,0.0004,-0.0004,-0.1208,0.4497,0.0000,-0.0000,0.0000,0.0000
2026-06-06 16:42:17.305,0,2,2,0.00,0.0001,0.0001,-0.1208,0.4497,0.0000,-0.0000,0.0000,0.0000
2026-06-06 16:42:17.404,0,2,2,0.00,0.0000,0.0001,-0.1208,0.4497,0.0000,-0.0000,0.0000,0.0000
2026-06-06 16:42:17.504,0,2,2,0.00,-0.0001,0.0000,-0.1208,0.4497,0.0000,-0.0000,0.0000,0.0000
2026-06-06 16:42:17.606,0,2,2,0.00,-0.0001,0.0001,-0.1208,0.4497,0.0000,-0.0000,0.0000,0.0000
2026-06-06 16:42:17.705,0,2,2,0.00,0.0000,0.0001,-0.1208,0.4497,0.0000,-0.0000,0.0000,0.0000
2026-06-06 16:42:17.805,0,2,2,0.00,-0.0003,-0.0001,-0.1208,0.4497,0.0000,-0.0000,0.0000,0.0000
2026-06-06 16:42:17.904,0,2,2,0.00,0.0000,0.0001,-0.1208,0.4497,0.0000,-0.0000,0.0000,0.0000
2026-06-06 16:42:18.004,0,2,2,0.00,0.0000,0.0000,-0.1208,0.4497,0.0000,-0.0000,0.0000,0.0000
2026-06-06 16:42:18.104,0,2,2,0.00,0.0001,0.0000,-0.1208,0.4497,0.0000,-0.0000,0.0000,0.0000
2026-06-06 16:42:18.205,0,2,2,0.00,0.0000,0.0001,-0.1208,0.4497,0.0000,-0.0000,0.0000,0.0000
2026-06-06 16:42:18.304,0,2,2,0.00,0.0001,0.0001,-0.1208,0.4497,0.0000,-0.0000,0.0000,0.0000
2026-06-06 16:42:18.404,0,2,2,0.00,-0.0003,0.0000,-0.1208,0.4497,0.0000,-0.0000,0.0000,0.0000
2026-06-06 16:42:18.504,0,2,2,0.00,0.0000,-0.0001,-0.1208,0.4497,0.0000,-0.0000,0.0000,0.0000
2026-06-06 16:42:18.604,0,2,2,0.00,0.0000,0.0003,-0.1208,0.4497,0.0000,-0.0000,0.0000,0.0000
2026-06-06 16:42:18.704,0,2,2,0.00,0.0000,0.0000,-0.1208,0.4497,0.0000,-0.0000,0.0000,0.0000
2026-06-06 16:42:18.804,0,2,2,0.00,-0.0001,0.0000,-0.1208,0.4497,0.0000,-0.0000,0.0000,0.0000
2026-06-06 16:42:18.904,0,2,2,0.00,-0.0001,0.0003,-0.1208,0.4497,0.0000,-0.0000,0.0000,0.0000
2026-06-06 16:42:19.004,0,2,2,0.00,0.0001,0.0000,-0.1208,0.4497,0.0000,-0.0000,0.0000,0.0000
2026-06-06 16:42:19.104,0,2,2,0.00,0.0000,0.0000,-0.1208,0.4497,0.0000,-0.0000,0.0000,0.0000
2026-06-06 16:42:19.204,0,2,2,0.00,0.0000,0.0001,-0.1208,0.4497,0.0000,-0.0000,0.0000,0.0000
2026-06-06 16:42:19.304,0,2,2,0.00,0.0000,-0.0004,-0.1208,0.4497,0.0000,-0.0000,0.0000,0.0000
2026-06-06 16:42:19.404,0,2,2,0.00,0.0000,-0.0001,-0.1208,0.4497,0.0000,-0.0000,0.0000,0.0000
2026-06-06 16:42:19.504,0,2,2,0.00,0.0000,0.0003,-0.1208,0.4497,0.0000,-0.0000,0.0000,0.0000
2026-06-06 16:42:19.604,0,2,2,0.00,0.0000,-0.0001,-0.1208,0.4497,0.0000,-0.0000,0.0000,0.0000
2026-06-06 16:42:19.704,0,2,2,0.00,0.0000,0.0001,-0.1208,0.4497,0.0000,-0.0000,0.0000,0.0000
2026-06-06 16:42:19.809,0,2,2,0.00,0.0000,0.0000,-0.1208,0.4497,0.0000,-0.0000,0.0000,0.0000
2026-06-06 16:42:19.904,0,2,2,0.00,0.0001,0.0001,-0.1208,0.4497,0.0000,-0.0000,0.0000,0.0000
2026-06-06 16:42:20.004,0,2,2,0.00,0.0003,0.0005,-0.1208,0.4497,0.0000,-0.0000,0.0000,0.0000
2026-06-06 16:42:20.104,0,2,2,0.00,-0.0001,0.0000,-0.1208,0.4497,0.0000,-0.0000,0.0000,0.0000
2026-06-06 16:42:20.204,0,2,2,0.00,-0.0001,-0.0001,-0.1208,0.4497,0.0000,-0.0000,0.0000,0.0000
2026-06-06 16:42:20.304,0,2,2,0.00,0.0001,-0.0001,-0.1208,0.4497,0.0000,-0.0000,0.0000,0.0000
2026-06-06 16:42:20.404,0,2,2,0.00,0.0000,-0.0001,-0.1208,0.4497,0.0000,-0.0000,0.0000,0.0000
2026-06-06 16:42:20.504,0,2,2,0.00,0.0000,0.0000,-0.1208,0.4497,0.0000,-0.0000,0.0000,0.0000
2026-06-06 16:42:20.604,0,2,2,0.00,0.0000,0.0000,-0.1208,0.4497,0.0000,-0.0000,0.0000,0.0000
2026-06-06 16:42:20.704,0,2,2,0.00,0.0000,0.0001,-0.1208,0.4497,0.0000,-0.0000,0.0000,0.0000
2026-06-06 16:42:20.804,0,2,2,0.00,-0.0001,-0.0004,-0.1208,0.4497,0.0000,-0.0000,0.0000,0.0000
2026-06-06 16:42:20.904,0,2,2,0.00,0.0001,0.0000,-0.1208,0.4497,0.0000,-0.0000,0.0000,0.0000
2026-06-06 16:42:21.004,0,2,2,0.00,0.0000,0.0000,-0.1208,0.4497,0.0000,-0.0000,0.0000,0.0000
2026-06-06 16:42:21.104,0,2,2,0.00,0.0000,-0.0001,-0.1208,0.4497,0.0000,-0.0000,0.0000,0.0000
2026-06-06 16:42:21.204,0,2,2,0.00,0.0000,0.0000,-0.1208,0.4497,0.0000,-0.0000,0.0000,0.0000
2026-06-06 16:42:21.304,0,2,2,0.00,-0.0001,0.0000,-0.1208,0.4497,0.0000,-0.0000,0.0000,0.0000
2026-06-06 16:42:21.404,0,2,2,0.00,0.0000,0.0000,-0.1208,0.4497,0.0000,-0.0000,0.0000,0.0000
2026-06-06 16:42:21.504,0,2,2,0.00,-0.0003,0.0000,-0.1208,0.4497,0.0000,-0.0000,0.0000,0.0000
2026-06-06 16:42:21.604,0,2,2,0.00,0.0005,0.0001,-0.1208,0.4497,0.0000,-0.0000,0.0000,0.0000
2026-06-06 16:42:21.704,0,2,2,0.00,0.0000,0.0001,-0.1208,0.4497,0.0000,-0.0000,0.0000,0.0000
2026-06-06 16:42:21.804,0,2,2,0.00,-0.0001,-0.0003,-0.1208,0.4497,0.0000,-0.0000,0.0000,0.0000
2026-06-06 16:42:21.904,0,2,2,0.00,-0.0001,-0.0001,-0.1208,0.4497,0.0000,-0.0000,0.0000,0.0000
2026-06-06 16:42:22.004,0,2,2,0.00,0.0000,0.0000,-0.1208,0.4497,0.0000,-0.0000,0.0000,0.0000
2026-06-06 16:42:22.104,0,2,2,0.00,0.0000,0.0000,-0.1208,0.4497,0.0000,-0.0000,0.0000,0.0000
2026-06-06 16:42:22.204,0,2,2,0.00,-0.0001,-0.0001,-0.1208,0.4497,0.0000,-0.0000,0.0000,0.0000
2026-06-06 16:42:22.304,0,2,2,0.00,0.0000,0.0000,-0.1208,0.4497,0.0000,-0.0000,0.0000,0.0000
2026-06-06 16:42:22.404,0,2,2,0.00,0.0000,-0.0003,-0.1208,0.4497,0.0000,-0.0000,0.0000,0.0000
2026-06-06 16:42:22.506,0,2,2,0.00,0.0000,0.0001,-0.1208,0.4497,0.0000,-0.0000,0.0000,0.0000
2026-06-06 16:42:22.604,0,2,2,0.00,0.0000,-0.0001,-0.1208,0.4497,0.0000,-0.0000,0.0000,0.0000
2026-06-06 16:42:22.704,0,2,2,0.00,0.0000,0.0000,-0.1208,0.4497,0.0000,-0.0000,0.0000,0.0000
2026-06-06 16:42:22.813,0,2,2,0.00,-0.0003,0.0001,-0.1208,0.4497,0.0000,-0.0000,0.0000,0.0000
2026-06-06 16:42:22.904,0,2,2,0.00,0.0000,-0.0003,-0.1208,0.4497,0.0000,-0.0000,0.0000,0.0000
2026-06-06 16:42:23.004,0,2,2,0.00,0.0001,0.0000,-0.1208,0.4497,0.0000,-0.0000,0.0000,0.0000
2026-06-06 16:42:23.104,0,2,2,0.00,0.0001,0.0003,-0.1208,0.4497,0.0000,-0.0000,0.0000,0.0000
2026-06-06 16:42:23.204,0,2,2,0.00,0.0000,0.0000,-0.1208,0.4497,0.0000,-0.0000,0.0000,0.0000
2026-06-06 16:42:23.304,0,2,2,0.00,0.0001,-0.0003,-0.1208,0.4497,0.0000,-0.0000,0.0000,0.0000
2026-06-06 16:42:23.404,0,2,2,0.00,-0.0001,0.0000,-0.1208,0.4497,0.0000,-0.0000,0.0000,0.0000
2026-06-06 16:42:23.504,0,2,2,0.00,0.0000,0.0000,-0.1208,0.4497,0.0000,-0.0000,0.0000,0.0000
2026-06-06 16:42:23.604,0,2,2,0.00,0.0000,0.0000,-0.1208,0.4497,0.0000,-0.0000,0.0000,0.0000
2026-06-06 16:42:23.704,0,2,2,0.00,0.0005,0.0003,-0.1208,0.4497,0.0000,-0.0000,0.0000,0.0000
2026-06-06 16:42:23.804,0,2,2,0.00,-0.0001,-0.0001,-0.1208,0.4497,0.0000,-0.0000,0.0000,0.0000
2026-06-06 16:42:23.904,0,2,2,0.00,0.0001,0.0000,-0.1208,0.4497,0.0000,-0.0000,0.0000,0.0000
2026-06-06 16:42:24.004,0,2,2,0.00,0.0000,0.0000,-0.1208,0.4497,0.0000,-0.0000,0.0000,0.0000
2026-06-06 16:42:24.105,0,2,2,0.00,-0.0003,0.0000,-0.1208,0.4497,0.0000,-0.0000,0.0000,0.0000
2026-06-06 16:42:24.204,0,2,2,0.00,-0.0003,0.0001,-0.1208,0.4497,0.0000,-0.0000,0.0000,0.0000
2026-06-06 16:42:24.304,0,2,2,0.00,0.0000,0.0000,-0.1208,0.4497,0.0000,-0.0000,0.0000,0.0000
2026-06-06 16:42:24.404,0,2,2,0.00,0.0003,0.0000,-0.1208,0.4497,0.0000,-0.0000,0.0000,0.0000
2026-06-06 16:42:24.504,0,2,2,0.00,0.0003,0.0000,-0.1208,0.4497,0.0000,-0.0000,0.0000,0.0000
2026-06-06 16:42:24.604,0,2,2,0.00,-0.0001,-0.0003,-0.1208,0.4497,0.0000,-0.0000,0.0000,0.0000
2026-06-06 16:42:24.704,0,2,2,0.00,0.0000,0.0000,-0.1208,0.4497,0.0000,-0.0000,0.0000,0.0000
2026-06-06 16:42:24.804,0,2,2,0.00,0.0000,0.0001,-0.1208,0.4497,0.0000,-0.0000,0.0000,0.0000
2026-06-06 16:42:24.904,0,2,2,0.00,0.0000,0.0003,-0.1208,0.4497,0.0000,-0.0000,0.0000,0.0000
2026-06-06 16:42:25.004,0,2,2,0.00,0.0000,0.0000,-0.1208,0.4497,0.0000,-0.0000,0.0000,0.0000
2026-06-06 16:42:25.104,0,2,2,0.00,0.0000,0.0000,-0.1208,0.4497,0.0000,-0.0000,0.0000,0.0000
2026-06-06 16:42:25.204,0,2,2,0.00,0.0000,0.0000,-0.1208,0.4497,0.0000,-0.0000,0.0000,0.0000
2026-06-06 16:42:25.304,0,2,2,0.00,0.0000,0.0000,-0.1208,0.4497,0.0000,-0.0000,0.0000,0.0000
2026-06-06 16:42:25.404,0,2,2,0.00,0.0000,0.0000,-0.1208,0.4497,0.0000,-0.0000,0.0000,0.0000
2026-06-06 16:42:25.504,0,2,2,0.00,0.0001,0.0000,-0.1208,0.4497,0.0000,-0.0000,0.0000,0.0000
2026-06-06 16:42:25.604,0,2,2,0.00,-0.0001,0.0000,-0.1208,0.4497,0.0000,-0.0000,0.0000,0.0000
2026-06-06 16:42:25.704,0,2,2,0.00,0.0000,0.0000,-0.1208,0.4497,0.0000,-0.0000,0.0000,0.0000
2026-06-06 16:42:25.804,0,2,2,0.00,-0.0001,0.0000,-0.1208,0.4497,0.0000,-0.0000,0.0000,0.0000
2026-06-06 16:42:25.904,0,2,2,0.00,0.0001,0.0000,-0.1208,0.4497,0.0000,-0.0000,0.0000,0.0000
2026-06-06 16:42:26.004,0,2,2,0.00,-0.0001,-0.0001,-0.1208,0.4497,0.0000,-0.0000,0.0000,0.0000
2026-06-06 16:42:26.104,0,2,2,0.00,0.0000,0.0000,-0.1208,0.4497,0.0000,-0.0000,0.0000,0.0000
2026-06-06 16:42:26.204,0,2,2,0.00,-0.0003,0.0000,-0.1208,0.4497,0.0000,-0.0000,0.0000,0.0000
2026-06-06 16:42:26.304,0,2,2,0.00,0.0003,0.0001,-0.1208,0.4497,0.0000,-0.0000,0.0000,0.0000
2026-06-06 16:42:26.404,0,2,2,0.00,0.0000,0.0000,-0.1208,0.4497,0.0000,-0.0000,0.0000,0.0000
2026-06-06 16:42:26.504,0,2,2,0.00,0.0000,0.0000,-0.1208,0.4497,0.0000,-0.0000,0.0000,0.0000
2026-06-06 16:42:26.604,0,2,2,0.00,0.0001,-0.0001,-0.1208,0.4497,0.0000,-0.0000,0.0000,0.0000
2026-06-06 16:42:26.704,0,2,2,0.00,-0.0004,0.0000,-0.1208,0.4497,0.0000,-0.0000,0.0000,0.0000
2026-06-06 16:42:26.804,0,2,2,0.00,0.0000,-0.0001,-0.1208,0.4497,0.0000,-0.0000,0.0000,0.0000
2026-06-06 16:42:26.904,0,2,2,0.00,-0.0005,-0.0003,-0.1208,0.4497,0.0000,-0.0000,0.0000,0.0000
2026-06-06 16:42:27.004,0,2,2,0.00,0.0001,0.0000,-0.1208,0.4497,0.0000,-0.0000,0.0000,0.0000
2026-06-06 16:42:27.104,0,2,2,0.00,0.0000,0.0000,-0.1208,0.4497,0.0000,-0.0000,0.0000,0.0000
2026-06-06 16:42:27.204,0,2,2,0.00,0.0000,-0.0003,-0.1208,0.4497,0.0000,-0.0000,0.0000,0.0000
2026-06-06 16:42:27.305,0,2,2,0.00,0.0003,0.0000,-0.1208,0.4497,0.0000,-0.0000,0.0000,0.0000
2026-06-06 16:42:27.404,0,2,2,0.00,0.0001,0.0000,-0.1208,0.4497,0.0000,-0.0000,0.0000,0.0000
2026-06-06 16:42:27.504,0,2,2,0.00,0.0001,0.0000,-0.1208,0.4497,0.0000,-0.0000,0.0000,0.0000
2026-06-06 16:42:27.604,0,2,2,0.00,0.0003,0.0000,-0.1208,0.4497,0.0000,-0.0000,0.0000,0.0000
2026-06-06 16:42:27.704,0,2,2,0.00,-0.0001,0.0000,-0.1208,0.4497,0.0000,-0.0000,0.0000,0.0000
2026-06-06 16:42:27.805,0,2,2,0.00,-0.0001,-0.0001,-0.1208,0.4497,0.0000,-0.0000,0.0000,0.0000
2026-06-06 16:42:27.904,0,2,2,0.00,-0.0001,0.0000,-0.1208,0.4497,0.0000,-0.0000,0.0000,0.0000
2026-06-06 16:42:28.004,0,2,2,0.00,0.0000,0.0000,-0.1208,0.4497,0.0000,-0.0000,0.0000,0.0000
2026-06-06 16:42:28.104,0,2,2,0.00,-0.0001,0.0000,-0.1208,0.4497,0.0000,-0.0000,0.0000,0.0000
2026-06-06 16:42:28.204,0,2,2,0.00,0.0003,0.0000,-0.1208,0.4497,0.0000,-0.0000,0.0000,0.0000
2026-06-06 16:42:28.304,0,2,2,0.00,0.0000,0.0000,-0.1208,0.4497,0.0000,-0.0000,0.0000,0.0000
2026-06-06 16:42:28.404,0,2,2,0.00,0.0001,0.0000,-0.1208,0.4497,0.0000,-0.0000,0.0000,0.0000
2026-06-06 16:42:28.504,0,2,2,0.00,0.0001,-0.0001,-0.1208,0.4497,0.0000,-0.0000,0.0000,0.0000
2026-06-06 16:42:28.604,0,2,2,0.00,0.0000,0.0000,-0.1208,0.4497,0.0000,-0.0000,0.0000,0.0000
2026-06-06 16:42:28.704,0,2,2,0.00,0.0000,-0.0001,-0.1208,0.4497,0.0000,-0.0000,0.0000,0.0000
2026-06-06 16:42:28.809,0,2,2,0.00,-0.0001,0.0000,-0.1208,0.4497,0.0000,-0.0000,0.0000,0.0000
2026-06-06 16:42:28.904,0,2,2,0.00,-0.0004,0.0000,-0.1208,0.4497,0.0000,-0.0000,0.0000,0.0000
2026-06-06 16:42:29.004,0,2,2,0.00,-0.0001,-0.0001,-0.1208,0.4497,0.0000,-0.0000,0.0000,0.0000
2026-06-06 16:42:29.104,0,2,2,0.00,0.0001,-0.0001,-0.1208,0.4497,0.0000,-0.0000,0.0000,0.0000
2026-06-06 16:42:29.204,0,2,2,0.00,0.0001,0.0000,-0.1208,0.4497,0.0000,-0.0000,0.0000,0.0000
2026-06-06 16:42:29.305,0,2,2,0.00,0.0000,-0.0001,-0.1208,0.4497,0.0000,-0.0000,0.0000,0.0000
2026-06-06 16:42:29.404,0,2,2,0.00,0.0000,0.0000,-0.1208,0.4497,0.0000,-0.0000,0.0000,0.0000
2026-06-06 16:42:29.504,0,2,2,0.00,0.0000,0.0000,-0.1208,0.4497,0.0000,-0.0000,0.0000,0.0000
2026-06-06 16:42:29.604,0,2,2,0.00,-0.0001,0.0000,-0.1208,0.4497,0.0000,-0.0000,0.0000,0.0000
2026-06-06 16:42:29.704,0,2,2,0.00,0.0000,0.0000,-0.1208,0.4497,0.0000,-0.0000,0.0000,0.0000
2026-06-06 16:42:29.804,0,2,2,0.00,0.0001,0.0000,-0.1208,0.4497,0.0000,-0.0000,0.0000,0.0000
2026-06-06 16:42:29.905,0,2,2,0.00,0.0000,-0.0001,-0.1208,0.4497,0.0000,-0.0000,0.0000,0.0000
2026-06-06 16:42:30.004,0,2,2,0.00,0.0001,-0.0003,-0.1208,0.4497,0.0000,-0.0000,0.0000,0.0000
2026-06-06 16:42:30.104,0,2,2,0.00,0.0000,-0.0001,-0.1208,0.4497,0.0000,-0.0000,0.0000,0.0000
2026-06-06 16:42:30.204,0,2,2,0.00,0.0000,0.0000,-0.1208,0.4497,0.0000,-0.0000,0.0000,0.0000
2026-06-06 16:42:30.304,0,2,2,0.00,-0.0001,0.0000,-0.1208,0.4497,0.0000,-0.0000,0.0000,0.0000
2026-06-06 16:42:30.404,0,2,2,0.00,0.0003,0.0000,-0.1208,0.4497,0.0000,-0.0000,0.0000,0.0000
2026-06-06 16:42:30.504,0,2,2,0.00,0.0003,0.0001,-0.1208,0.4497,0.0000,-0.0000,0.0000,0.0000
2026-06-06 16:42:30.604,0,2,2,0.00,-0.0001,0.0000,-0.1208,0.4497,0.0000,-0.0000,0.0000,0.0000
2026-06-06 16:42:30.704,0,2,2,0.00,0.0000,0.0000,-0.1208,0.4497,0.0000,-0.0000,0.0000,0.0000
2026-06-06 16:42:30.805,0,2,2,0.00,0.0000,0.0000,-0.1208,0.4497,0.0000,-0.0000,0.0000,0.0000
2026-06-06 16:42:30.904,0,2,2,0.00,0.0000,0.0000,-0.1208,0.4497,0.0000,-0.0000,0.0000,0.0000
2026-06-06 16:42:31.004,0,2,2,0.00,0.0000,0.0003,-0.1208,0.4497,0.0000,-0.0000,0.0000,0.0000
2026-06-06 16:42:31.104,0,2,2,0.00,0.0001,0.0001,-0.1208,0.4497,0.0000,-0.0000,0.0000,0.0000
2026-06-06 16:42:31.204,0,2,2,0.00,0.0001,0.0000,-0.1208,0.4497,0.0000,-0.0000,0.0000,0.0000
2026-06-06 16:42:31.304,0,2,2,0.00,0.0000,0.0000,-0.1208,0.4497,0.0000,-0.0000,0.0000,0.0000
2026-06-06 16:42:31.404,0,2,2,0.00,0.0001,-0.0001,-0.1208,0.4497,0.0000,-0.0000,0.0000,0.0000
2026-06-06 16:42:31.505,0,2,2,0.00,-0.0001,0.0000,-0.1208,0.4497,0.0000,-0.0000,0.0000,0.0000
2026-06-06 16:42:31.604,0,2,2,0.00,0.0000,-0.0001,-0.1208,0.4497,0.0000,-0.0000,0.0000,0.0000
2026-06-06 16:42:31.704,0,2,2,0.00,0.0000,0.0000,-0.1208,0.4497,0.0000,-0.0000,0.0000,0.0000
2026-06-06 16:42:31.804,0,2,2,0.00,0.0000,0.0003,-0.1208,0.4497,0.0000,-0.0000,0.0000,0.0000
2026-06-06 16:42:31.904,0,2,2,0.00,-0.0003,0.0000,-0.1208,0.4497,0.0000,-0.0000,0.0000,0.0000
2026-06-06 16:42:32.004,0,2,2,0.00,0.0000,0.0001,-0.1208,0.4497,0.0000,-0.0000,0.0000,0.0000
2026-06-06 16:42:32.104,0,2,2,0.00,0.0000,0.0000,-0.1208,0.4497,0.0000,-0.0000,0.0000,0.0000
2026-06-06 16:42:32.204,0,2,2,0.00,0.0000,0.0001,-0.1208,0.4497,0.0000,-0.0000,0.0000,0.0000
2026-06-06 16:42:32.304,0,2,2,0.00,0.0000,0.0001,-0.1208,0.4497,0.0000,-0.0000,0.0000,0.0000
2026-06-06 16:42:32.404,0,2,2,0.00,0.0003,0.0000,-0.1208,0.4497,0.0000,-0.0000,0.0000,0.0000
2026-06-06 16:42:32.504,0,2,2,0.00,0.0001,0.0000,-0.1208,0.4497,0.0000,-0.0000,0.0000,0.0000
2026-06-06 16:42:32.604,0,2,2,0.00,0.0000,0.0000,-0.1208,0.4497,0.0000,-0.0000,0.0000,0.0000
2026-06-06 16:42:32.709,0,2,2,0.00,0.0000,-0.0004,-0.1208,0.4497,0.0000,-0.0000,0.0000,0.0000
2026-06-06 16:42:32.804,0,2,2,0.00,-0.0001,0.0001,-0.1208,0.4497,0.0000,-0.0000,0.0000,0.0000
2026-06-06 16:42:32.904,0,2,2,0.00,0.0000,0.0000,-0.1208,0.4497,0.0000,-0.0000,0.0000,0.0000
2026-06-06 16:42:33.004,0,2,2,0.00,0.0000,0.0000,-0.1208,0.4497,0.0000,-0.0000,0.0000,0.0000
2026-06-06 16:42:33.105,0,2,2,0.00,0.0000,-0.0001,-0.1208,0.4497,0.0000,-0.0000,0.0000,0.0000
2026-06-06 16:42:33.204,0,2,2,0.00,0.0001,0.0000,-0.1208,0.4497,0.0000,-0.0000,0.0000,0.0000
2026-06-06 16:42:33.304,0,2,2,0.00,0.0001,0.0000,-0.1208,0.4497,0.0000,-0.0000,0.0000,0.0000
2026-06-06 16:42:33.404,0,2,2,0.00,0.0000,0.0000,-0.1208,0.4497,0.0000,-0.0000,0.0000,0.0000
2026-06-06 16:42:33.504,0,2,2,0.00,0.0000,0.0001,-0.1208,0.4497,0.0000,-0.0000,0.0000,0.0000
2026-06-06 16:42:33.606,0,2,2,0.00,0.0000,0.0000,-0.1208,0.4497,0.0000,-0.0000,0.0000,0.0000
2026-06-06 16:42:33.704,0,2,2,0.00,0.0000,0.0000,-0.1208,0.4497,0.0000,-0.0000,0.0000,0.0000
2026-06-06 16:42:33.804,0,2,2,0.00,0.0000,0.0000,-0.1208,0.4497,0.0000,-0.0000,0.0000,0.0000
2026-06-06 16:42:33.904,0,2,2,0.00,-0.0003,0.0000,-0.1208,0.4497,0.0000,-0.0000,0.0000,0.0000
2026-06-06 16:42:34.004,0,2,2,0.00,-0.0005,0.0001,-0.1208,0.4497,0.0000,-0.0000,0.0000,0.0000
2026-06-06 16:42:34.104,0,2,2,0.00,0.0000,0.0000,-0.1208,0.4497,0.0000,-0.0000,0.0000,0.0000
2026-06-06 16:42:34.204,0,2,2,0.00,-0.0005,0.0000,-0.1208,0.4497,0.0000,-0.0000,0.0000,0.0000
2026-06-06 16:42:34.304,0,2,2,0.00,0.0001,0.0001,-0.1208,0.4497,0.0000,-0.0000,0.0000,0.0000
2026-06-06 16:42:34.404,0,2,2,0.00,-0.0003,0.0000,-0.1208,0.4497,0.0000,-0.0000,0.0000,0.0000
2026-06-06 16:42:34.504,0,2,2,0.00,0.0000,0.0000,-0.1208,0.4497,0.0000,-0.0000,0.0000,0.0000
2026-06-06 16:42:34.604,0,2,2,0.00,0.0001,-0.0001,-0.1208,0.4497,0.0000,-0.0000,0.0000,0.0000
2026-06-06 16:42:34.704,0,2,2,0.00,0.0000,0.0001,-0.1208,0.4497,0.0000,-0.0000,0.0000,0.0000
2026-06-06 16:42:34.804,0,2,2,0.00,0.0000,0.0000,-0.1208,0.4497,0.0000,-0.0000,0.0000,0.0000
2026-06-06 16:42:34.904,0,2,2,0.00,0.0001,0.0000,-0.1208,0.4497,0.0000,-0.0000,0.0000,0.0000
2026-06-06 16:42:35.004,0,2,2,0.00,-0.0001,-0.0001,-0.1208,0.4497,0.0000,-0.0000,0.0000,0.0000
2026-06-06 16:42:35.104,0,2,2,0.00,-0.0001,-0.0001,-0.1208,0.4497,0.0000,-0.0000,0.0000,0.0000
2026-06-06 16:42:35.204,0,2,2,0.00,0.0001,-0.0001,-0.1208,0.4497,0.0000,-0.0000,0.0000,0.0000
2026-06-06 16:42:35.304,0,2,2,0.00,-0.0001,0.0000,-0.1208,0.4497,0.0000,-0.0000,0.0000,0.0000
