Timestamp,Yaw_Angle(degrees)
2025-10-25 09:53:15,2.81
2025-10-25 09:53:15,2.81
2025-10-25 09:53:15,2.81
2025-10-25 09:53:15,2.81
2025-10-25 09:53:15,2.81
2025-10-25 09:53:15,2.81
2025-10-25 09:53:16,2.81
2025-10-25 09:53:16,2.81
2025-10-25 09:53:16,2.81
2025-10-25 09:53:16,2.81
2025-10-25 09:53:16,2.81
2025-10-25 09:53:16,2.81
2025-10-25 09:53:16,2.81
2025-10-25 09:53:16,2.81
2025-10-25 09:53:16,2.81
2025-10-25 09:53:16,2.81
2025-10-25 09:53:16,2.81
2025-10-25 09:53:16,2.81
2025-10-25 09:53:16,2.81
2025-10-25 09:53:16,2.81
2025-10-25 09:53:16,2.81
2025-10-25 09:53:16,2.81
2025-10-25 09:53:16,2.81
2025-10-25 09:53:16,2.81
2025-10-25 09:53:16,2.81
2025-10-25 09:53:16,2.81
2025-10-25 09:53:16,2.81
2025-10-25 09:53:16,2.81
2025-10-25 09:53:16,2.81
2025-10-25 09:53:16,2.81
2025-10-25 09:53:16,2.81
2025-10-25 09:53:16,2.81
2025-10-25 09:53:16,2.81
2025-10-25 09:53:16,2.81
2025-10-25 09:53:16,2.81
2025-10-25 09:53:16,2.81
2025-10-25 09:53:16,2.81
2025-10-25 09:53:16,2.81
2025-10-25 09:53:16,2.81
2025-10-25 09:53:16,2.81
2025-10-25 09:53:17,2.81
2025-10-25 09:53:17,2.81
2025-10-25 09:53:17,2.81
2025-10-25 09:53:17,2.81
2025-10-25 09:53:17,2.81
2025-10-25 09:53:17,2.81
2025-10-25 09:53:17,2.81
2025-10-25 09:53:17,2.81
2025-10-25 09:53:17,2.87
2025-10-25 09:53:17,2.87
2025-10-25 09:53:17,2.87
2025-10-25 09:53:17,2.87
2025-10-25 09:53:17,2.87
2025-10-25 09:53:17,2.87
2025-10-25 09:53:17,2.87
2025-10-25 09:53:17,2.87
2025-10-25 09:53:17,2.87
2025-10-25 09:53:17,2.87
2025-10-25 09:53:17,2.93
2025-10-25 09:53:17,2.93
2025-10-25 09:53:17,3
2025-10-25 09:53:17,3
2025-10-25 09:53:17,3
2025-10-25 09:53:17,3.06
2025-10-25 09:53:17,3.12
2025-10-25 09:53:17,3.18
2025-10-25 09:53:17,3.25
2025-10-25 09:53:17,3.31
2025-10-25 09:53:17,3.43
2025-10-25 09:53:17,3.5
2025-10-25 09:53:17,3.62
2025-10-25 09:53:17,3.81
2025-10-25 09:53:17,3.87
2025-10-25 09:53:17,4
2025-10-25 09:53:18,4.12
2025-10-25 09:53:18,4.31
2025-10-25 09:53:18,4.43
2025-10-25 09:53:18,4.62
2025-10-25 09:53:18,4.75
2025-10-25 09:53:18,4.93
2025-10-25 09:53:18,5
2025-10-25 09:53:18,5.18
2025-10-25 09:53:18,5.31
2025-10-25 09:53:18,5.5
2025-10-25 09:53:18,5.62
2025-10-25 09:53:18,5.75
2025-10-25 09:53:18,5.87
2025-10-25 09:53:18,6.06
2025-10-25 09:53:18,6.18
2025-10-25 09:53:18,6.31
2025-10-25 09:53:18,6.43
2025-10-25 09:53:18,6.56
2025-10-25 09:53:18,6.68
2025-10-25 09:53:18,6.81
2025-10-25 09:53:18,6.93
2025-10-25 09:53:18,7.06
2025-10-25 09:53:18,7.18
2025-10-25 09:53:18,7.31
2025-10-25 09:53:18,7.43
2025-10-25 09:53:18,7.56
2025-10-25 09:53:18,7.62
2025-10-25 09:53:18,7.75
2025-10-25 09:53:18,7.87
2025-10-25 09:53:18,7.93
2025-10-25 09:53:18,8.06
2025-10-25 09:53:18,8.12
2025-10-25 09:53:18,8.18
2025-10-25 09:53:18,8.31
2025-10-25 09:53:19,8.37
2025-10-25 09:53:19,8.5
2025-10-25 09:53:19,8.56
2025-10-25 09:53:19,8.68
2025-10-25 09:53:19,8.75
2025-10-25 09:53:19,8.87
2025-10-25 09:53:19,8.93
2025-10-25 09:53:19,9
2025-10-25 09:53:19,9.12
2025-10-25 09:53:19,9.18
2025-10-25 09:53:19,9.25
2025-10-25 09:53:19,9.31
2025-10-25 09:53:19,9.37
2025-10-25 09:53:19,9.43
2025-10-25 09:53:19,9.5
2025-10-25 09:53:19,9.56
2025-10-25 09:53:19,9.62
2025-10-25 09:53:19,9.68
2025-10-25 09:53:19,9.68
2025-10-25 09:53:19,9.75
2025-10-25 09:53:19,9.81
2025-10-25 09:53:19,9.87
2025-10-25 09:53:19,9.93
2025-10-25 09:53:19,10
2025-10-25 09:53:19,10.06
2025-10-25 09:53:19,10.12
2025-10-25 09:53:19,10.12
2025-10-25 09:53:19,10.25
2025-10-25 09:53:19,10.31
2025-10-25 09:53:19,10.34
2025-10-25 09:53:19,10.43
2025-10-25 09:53:19,10.5
2025-10-25 09:53:19,10.62
2025-10-25 09:53:19,10.68
2025-10-25 09:53:20,10.75
2025-10-25 09:53:20,10.87
2025-10-25 09:53:20,10.93
2025-10-25 09:53:20,11.06
2025-10-25 09:53:20,11.12
2025-10-25 09:53:20,11.18
2025-10-25 09:53:20,11.25
2025-10-25 09:53:20,11.37
2025-10-25 09:53:20,11.43
2025-10-25 09:53:20,11.5
2025-10-25 09:53:20,11.62
2025-10-25 09:53:20,11.68
2025-10-25 09:53:20,11.75
2025-10-25 09:53:20,11.81
2025-10-25 09:53:20,11.87
2025-10-25 09:53:20,11.93
2025-10-25 09:53:20,12
2025-10-25 09:53:20,12.06
2025-10-25 09:53:20,12.06
2025-10-25 09:53:20,12.12
2025-10-25 09:53:20,12.18
2025-10-25 09:53:20,12.18
2025-10-25 09:53:20,12.25
2025-10-25 09:53:20,12.31
2025-10-25 09:53:20,12.31
2025-10-25 09:53:20,12.37
2025-10-25 09:53:20,12.43
2025-10-25 09:53:20,12.5
2025-10-25 09:53:20,12.56
2025-10-25 09:53:20,12.68
2025-10-25 09:53:20,12.81
2025-10-25 09:53:20,12.87
2025-10-25 09:53:20,13
2025-10-25 09:53:20,13.06
2025-10-25 09:53:20,13.18
2025-10-25 09:53:21,13.31
2025-10-25 09:53:21,13.43
2025-10-25 09:53:21,13.56
2025-10-25 09:53:21,13.62
2025-10-25 09:53:21,13.75
2025-10-25 09:53:21,13.81
2025-10-25 09:53:21,13.93
2025-10-25 09:53:21,14
2025-10-25 09:53:21,14.18
2025-10-25 09:53:21,14.25
2025-10-25 09:53:21,14.37
2025-10-25 09:53:21,14.43
2025-10-25 09:53:21,14.5
2025-10-25 09:53:21,14.62
2025-10-25 09:53:21,14.75
2025-10-25 09:53:21,14.87
2025-10-25 09:53:21,15
2025-10-25 09:53:21,15.06
2025-10-25 09:53:21,15.25
2025-10-25 09:53:21,15.37
2025-10-25 09:53:21,15.56
2025-10-25 09:53:21,15.75
2025-10-25 09:53:21,16.06
2025-10-25 09:53:21,16.25
2025-10-25 09:53:21,16.43
2025-10-25 09:53:21,16.62
2025-10-25 09:53:21,16.93
2025-10-25 09:53:21,17.18
2025-10-25 09:53:21,17.43
2025-10-25 09:53:21,17.68
2025-10-25 09:53:21,18
2025-10-25 09:53:21,18.25
2025-10-25 09:53:21,18.56
2025-10-25 09:53:21,18.75
2025-10-25 09:53:22,19.06
2025-10-25 09:53:22,19.37
2025-10-25 09:53:22,19.75
2025-10-25 09:53:22,20.06
2025-10-25 09:53:22,20.25
2025-10-25 09:53:22,20.5
2025-10-25 09:53:22,20.75
2025-10-25 09:53:22,21
2025-10-25 09:53:22,21.25
2025-10-25 09:53:22,21.5
2025-10-25 09:53:22,21.68
2025-10-25 09:53:22,21.93
2025-10-25 09:53:22,22.12
2025-10-25 09:53:22,22.37
2025-10-25 09:53:22,22.56
2025-10-25 09:53:22,22.81
2025-10-25 09:53:22,23
2025-10-25 09:53:22,23.31
2025-10-25 09:53:22,23.5
2025-10-25 09:53:22,23.75
2025-10-25 09:53:22,24
2025-10-25 09:53:22,24.18
2025-10-25 09:53:22,24.43
2025-10-25 09:53:22,24.68
2025-10-25 09:53:22,24.93
2025-10-25 09:53:22,25.18
2025-10-25 09:53:22,25.43
2025-10-25 09:53:22,25.68
2025-10-25 09:53:22,25.93
2025-10-25 09:53:22,26.18
2025-10-25 09:53:22,26.43
2025-10-25 09:53:22,26.68
2025-10-25 09:53:22,26.93
2025-10-25 09:53:22,27.18
2025-10-25 09:53:23,27.43
2025-10-25 09:53:23,27.68
2025-10-25 09:53:23,27.93
2025-10-25 09:53:23,28.06
2025-10-25 09:53:23,28.31
2025-10-25 09:53:23,28.56
2025-10-25 09:53:23,28.81
2025-10-25 09:53:23,29
2025-10-25 09:53:23,29.25
2025-10-25 09:53:23,29.43
2025-10-25 09:53:23,29.62
2025-10-25 09:53:23,29.87
2025-10-25 09:53:23,30.18
2025-10-25 09:53:23,30.43
2025-10-25 09:53:23,30.56
2025-10-25 09:53:23,30.81
2025-10-25 09:53:23,31
2025-10-25 09:53:23,31.25
2025-10-25 09:53:23,31.5
2025-10-25 09:53:23,31.68
2025-10-25 09:53:23,31.81
2025-10-25 09:53:23,32.06
2025-10-25 09:53:23,32.25
2025-10-25 09:53:23,32.5
2025-10-25 09:53:23,32.68
2025-10-25 09:53:23,32.93
2025-10-25 09:53:23,33.18
2025-10-25 09:53:23,25.75
2025-10-25 09:53:23,26
2025-10-25 09:53:23,26.25
2025-10-25 09:53:23,26.38
2025-10-25 09:53:23,26.63
2025-10-25 09:53:23,26.88
2025-10-25 09:53:23,27.13
2025-10-25 09:53:23,27.38
2025-10-25 09:53:24,27.63
2025-10-25 09:53:24,27.82
2025-10-25 09:53:24,28.07
2025-10-25 09:53:24,36
2025-10-25 09:53:24,36.25
2025-10-25 09:53:24,36.56
2025-10-25 09:53:24,36.87
2025-10-25 09:53:24,37.06
2025-10-25 09:53:24,37.31
2025-10-25 09:53:24,37.56
2025-10-25 09:53:24,37.81
2025-10-25 09:53:24,38.06
2025-10-25 09:53:24,38.31
2025-10-25 09:53:24,38.5
2025-10-25 09:53:24,38.75
2025-10-25 09:53:24,39.06
2025-10-25 09:53:24,39.25
2025-10-25 09:53:24,39.5
2025-10-25 09:53:24,39.75
2025-10-25 09:53:24,39.93
2025-10-25 09:53:24,40.25
2025-10-25 09:53:24,40.43
2025-10-25 09:53:24,40.68
2025-10-25 09:53:24,40.87
2025-10-25 09:53:24,41.12
2025-10-25 09:53:24,41.31
2025-10-25 09:53:24,41.56
2025-10-25 09:53:24,41.75
2025-10-25 09:53:24,41.93
2025-10-25 09:53:24,42.12
2025-10-25 09:53:24,42.31
2025-10-25 09:53:24,42.56
2025-10-25 09:53:24,42.75
2025-10-25 09:53:24,42.93
2025-10-25 09:53:25,43.37
2025-10-25 09:53:25,43.56
2025-10-25 09:53:25,43.81
2025-10-25 09:53:25,44.06
2025-10-25 09:53:25,44.25
2025-10-25 09:53:25,44.5
2025-10-25 09:53:25,44.62
2025-10-25 09:53:25,44.87
2025-10-25 09:53:25,45.12
2025-10-25 09:53:25,45.31
2025-10-25 09:53:25,45.56
2025-10-25 09:53:25,45.87
2025-10-25 09:53:25,46.12
2025-10-25 09:53:25,46.25
2025-10-25 09:53:25,46.62
2025-10-25 09:53:25,46.93
2025-10-25 09:53:25,47.18
2025-10-25 09:53:25,47.5
2025-10-25 09:53:25,47.75
2025-10-25 09:53:25,48.06
2025-10-25 09:53:25,48.37
2025-10-25 09:53:25,48.75
2025-10-25 09:53:25,49.06
2025-10-25 09:53:25,49.43
2025-10-25 09:53:25,49.81
2025-10-25 09:53:25,50.18
2025-10-25 09:53:25,50.56
2025-10-25 09:53:25,50.93
2025-10-25 09:53:25,51.31
2025-10-25 09:53:25,51.68
2025-10-25 09:53:25,52
2025-10-25 09:53:25,52.37
2025-10-25 09:53:25,52.75
2025-10-25 09:53:26,53.06
2025-10-25 09:53:26,53.31
2025-10-25 09:53:26,53.62
2025-10-25 09:53:26,53.93
2025-10-25 09:53:26,54.18
2025-10-25 09:53:26,54.43
2025-10-25 09:53:26,54.68
2025-10-25 09:53:26,54.87
2025-10-25 09:53:26,55.12
2025-10-25 09:53:26,55.31
2025-10-25 09:53:26,55.62
2025-10-25 09:53:26,55.75
2025-10-25 09:53:26,56
2025-10-25 09:53:26,56.18
2025-10-25 09:53:26,56.43
2025-10-25 09:53:26,56.68
2025-10-25 09:53:26,56.93
2025-10-25 09:53:26,57.18
2025-10-25 09:53:26,57.31
2025-10-25 09:53:26,57.56
2025-10-25 09:53:26,57.75
2025-10-25 09:53:26,57.93
2025-10-25 09:53:26,58.06
2025-10-25 09:53:26,58.25
2025-10-25 09:53:26,58.43
2025-10-25 09:53:26,58.56
2025-10-25 09:53:26,58.68
2025-10-25 09:53:26,58.81
2025-10-25 09:53:26,58.93
2025-10-25 09:53:26,59.06
2025-10-25 09:53:26,59.18
2025-10-25 09:53:26,59.31
2025-10-25 09:53:26,59.5
2025-10-25 09:53:26,59.56
2025-10-25 09:53:27,59.68
2025-10-25 09:53:27,59.87
2025-10-25 09:53:27,60.06
2025-10-25 09:53:27,60.18
2025-10-25 09:53:27,60.37
2025-10-25 09:53:27,60.56
2025-10-25 09:53:27,60.81
2025-10-25 09:53:27,61
2025-10-25 09:53:27,61.25
2025-10-25 09:53:27,61.5
2025-10-25 09:53:27,61.75
2025-10-25 09:53:27,61.93
2025-10-25 09:53:27,62.18
2025-10-25 09:53:27,62.43
2025-10-25 09:53:27,62.75
2025-10-25 09:53:27,63.06
2025-10-25 09:53:27,63.31
2025-10-25 09:53:27,63.5
2025-10-25 09:53:27,63.81
2025-10-25 09:53:27,64.18
2025-10-25 09:53:27,64.5
2025-10-25 09:53:27,64.75
2025-10-25 09:53:27,65.06
2025-10-25 09:53:27,65.31
2025-10-25 09:53:27,65.56
2025-10-25 09:53:27,65.81
2025-10-25 09:53:27,66.12
2025-10-25 09:53:27,66.43
2025-10-25 09:53:27,66.75
2025-10-25 09:53:27,67.06
2025-10-25 09:53:27,67.37
2025-10-25 09:53:27,67.68
2025-10-25 09:53:27,68
2025-10-25 09:53:27,68.31
2025-10-25 09:53:28,68.62
2025-10-25 09:53:28,68.93
2025-10-25 09:53:28,69.22
2025-10-25 09:53:28,69.5
2025-10-25 09:53:28,69.68
2025-10-25 09:53:28,69.93
2025-10-25 09:53:28,70.18
2025-10-25 09:53:28,70.43
2025-10-25 09:53:28,70.68
2025-10-25 09:53:28,70.93
2025-10-25 09:53:28,71.06
2025-10-25 09:53:28,71.31
2025-10-25 09:53:28,71.5
2025-10-25 09:53:28,71.68
2025-10-25 09:53:28,72
2025-10-25 09:53:28,72.12
2025-10-25 09:53:28,72.37
2025-10-25 09:53:28,72.62
2025-10-25 09:53:28,72.87
2025-10-25 09:53:28,73.06
2025-10-25 09:53:28,73.31
2025-10-25 09:53:28,73.56
2025-10-25 09:53:28,73.75
2025-10-25 09:53:28,73.93
2025-10-25 09:53:28,74.18
2025-10-25 09:53:28,74.43
2025-10-25 09:53:28,74.68
2025-10-25 09:53:28,74.93
2025-10-25 09:53:28,75.25
2025-10-25 09:53:28,75.5
2025-10-25 09:53:28,75.68
2025-10-25 09:53:28,75.93
2025-10-25 09:53:28,76.18
2025-10-25 09:53:28,76.43
2025-10-25 09:53:28,76.68
2025-10-25 09:53:29,76.9
2025-10-25 09:53:29,77.18
2025-10-25 09:53:29,77.31
2025-10-25 09:53:29,77.56
2025-10-25 09:53:29,77.81
2025-10-25 09:53:29,78.06
2025-10-25 09:53:29,78.31
2025-10-25 09:53:29,78.5
2025-10-25 09:53:29,78.68
2025-10-25 09:53:29,78.87
2025-10-25 09:53:29,79.06
2025-10-25 09:53:29,79.25
2025-10-25 09:53:29,79.37
2025-10-25 09:53:29,79.5
2025-10-25 09:53:29,79.68
2025-10-25 09:53:29,79.87
2025-10-25 09:53:29,80
2025-10-25 09:53:29,80.18
2025-10-25 09:53:29,80.31
2025-10-25 09:53:29,80.5
2025-10-25 09:53:29,80.68
2025-10-25 09:53:29,80.93
2025-10-25 09:53:29,81.18
2025-10-25 09:53:29,81.43
2025-10-25 09:53:29,81.68
2025-10-25 09:53:29,81.93
2025-10-25 09:53:29,82.06
2025-10-25 09:53:29,82.43
2025-10-25 09:53:29,82.75
2025-10-25 09:53:29,82.93
2025-10-25 09:53:29,83.25
2025-10-25 09:53:29,83.56
2025-10-25 09:53:29,83.87
2025-10-25 09:53:29,84.18
2025-10-25 09:53:30,84.43
2025-10-25 09:53:30,84.75
2025-10-25 09:53:30,85
2025-10-25 09:53:30,85.25
2025-10-25 09:53:30,85.5
2025-10-25 09:53:30,85.81
2025-10-25 09:53:30,86
2025-10-25 09:53:30,86.25
2025-10-25 09:53:30,86.5
2025-10-25 09:53:30,86.75
2025-10-25 09:53:30,87
2025-10-25 09:53:30,87.25
2025-10-25 09:53:30,87.43
2025-10-25 09:53:30,87.68
2025-10-25 09:53:30,87.93
2025-10-25 09:53:30,88.18
2025-10-25 09:53:30,88.56
2025-10-25 09:53:30,88.75
2025-10-25 09:53:30,89.12
2025-10-25 09:53:30,89.25
2025-10-25 09:53:30,89.5
2025-10-25 09:53:30,89.75
2025-10-25 09:53:30,90
2025-10-25 09:53:30,90.25
2025-10-25 09:53:30,90.56
2025-10-25 09:53:30,90.75
2025-10-25 09:53:30,91.06
2025-10-25 09:53:30,91.31
2025-10-25 09:53:30,91.56
2025-10-25 09:53:30,91.87
2025-10-25 09:53:30,92.25
2025-10-25 09:53:30,92.56
2025-10-25 09:53:30,92.87
2025-10-25 09:53:30,93.06
2025-10-25 09:53:31,93.43
2025-10-25 09:53:31,93.75
2025-10-25 09:53:31,94.06
2025-10-25 09:53:31,94.43
2025-10-25 09:53:31,94.75
2025-10-25 09:53:31,95
2025-10-25 09:53:31,95.37
2025-10-25 09:53:31,95.68
2025-10-25 09:53:31,96.06
2025-10-25 09:53:31,96.43
2025-10-25 09:53:31,96.81
2025-10-25 09:53:31,97.18
2025-10-25 09:53:31,97.56
2025-10-25 09:53:31,97.93
2025-10-25 09:53:31,98.37
2025-10-25 09:53:31,98.75
2025-10-25 09:53:31,99.06
2025-10-25 09:53:31,99.62
2025-10-25 09:53:31,99.87
2025-10-25 09:53:31,100.31
2025-10-25 09:53:31,100.81
2025-10-25 09:53:31,101.25
2025-10-25 09:53:31,101.68
2025-10-25 09:53:31,102.18
2025-10-25 09:53:31,102.5
2025-10-25 09:53:31,103.12
2025-10-25 09:53:31,103.68
2025-10-25 09:53:31,104.18
2025-10-25 09:53:31,104.68
2025-10-25 09:53:31,105.18
2025-10-25 09:53:31,105.75
2025-10-25 09:53:31,106.25
2025-10-25 09:53:31,106.56
2025-10-25 09:53:31,107.12
2025-10-25 09:53:31,107.62
2025-10-25 09:53:32,108.18
2025-10-25 09:53:32,108.68
2025-10-25 09:53:32,109.06
2025-10-25 09:53:32,109.56
2025-10-25 09:53:32,110.18
2025-10-25 09:53:32,110.68
2025-10-25 09:53:32,111.12
2025-10-25 09:53:32,111.43
2025-10-25 09:53:32,111.87
2025-10-25 09:53:32,112.37
2025-10-25 09:53:32,112.81
2025-10-25 09:53:32,113.25
2025-10-25 09:53:32,113.68
2025-10-25 09:53:32,114.12
2025-10-25 09:53:32,114.37
2025-10-25 09:53:32,114.93
2025-10-25 09:53:32,115.18
2025-10-25 09:53:32,115.62
2025-10-25 09:53:32,116.25
2025-10-25 09:53:32,116.68
2025-10-25 09:53:32,117.12
2025-10-25 09:53:32,117.43
2025-10-25 09:53:32,117.87
2025-10-25 09:53:32,118.37
2025-10-25 09:53:32,118.81
2025-10-25 09:53:32,119.31
2025-10-25 09:53:32,119.81
2025-10-25 09:53:32,120.12
2025-10-25 09:53:32,120.62
2025-10-25 09:53:32,121.12
2025-10-25 09:53:32,121.68
2025-10-25 09:53:32,122.18
2025-10-25 09:53:32,122.87
2025-10-25 09:53:32,123.43
2025-10-25 09:53:33,124
2025-10-25 09:53:33,124.31
2025-10-25 09:53:33,124.87
2025-10-25 09:53:33,125.43
2025-10-25 09:53:33,125.93
2025-10-25 09:53:33,126.43
2025-10-25 09:53:33,126.81
2025-10-25 09:53:33,127.31
2025-10-25 09:53:33,127.81
2025-10-25 09:53:33,128.25
2025-10-25 09:53:33,128.68
2025-10-25 09:53:33,129.12
2025-10-25 09:53:33,129.56
2025-10-25 09:53:33,129.93
2025-10-25 09:53:33,130.31
2025-10-25 09:53:33,130.68
2025-10-25 09:53:33,131.06
2025-10-25 09:53:33,131.43
2025-10-25 09:53:33,131.81
2025-10-25 09:53:33,132.18
2025-10-25 09:53:33,132.43
2025-10-25 09:53:33,132.87
2025-10-25 09:53:33,133.22
2025-10-25 09:53:33,133.62
2025-10-25 09:53:33,134
2025-10-25 09:53:33,134.37
2025-10-25 09:53:33,134.68
2025-10-25 09:53:33,135.18
2025-10-25 09:53:33,135.56
2025-10-25 09:53:33,135.93
2025-10-25 09:53:33,136.31
2025-10-25 09:53:33,136.62
2025-10-25 09:53:33,137
2025-10-25 09:53:33,137.25
2025-10-25 09:53:34,137.62
2025-10-25 09:53:34,138
2025-10-25 09:53:34,138.31
2025-10-25 09:53:34,138.75
2025-10-25 09:53:34,139.12
2025-10-25 09:53:34,139.43
2025-10-25 09:53:34,139.68
2025-10-25 09:53:34,140.18
2025-10-25 09:53:34,140.56
2025-10-25 09:53:34,140.9
2025-10-25 09:53:34,141.37
2025-10-25 09:53:34,141.62
2025-10-25 09:53:34,142.06
2025-10-25 09:53:34,142.5
2025-10-25 09:53:34,142.87
2025-10-25 09:53:34,143.31
2025-10-25 09:53:34,143.75
2025-10-25 09:53:34,144.18
2025-10-25 09:53:34,144.62
2025-10-25 09:53:34,144.93
2025-10-25 09:53:34,145.37
2025-10-25 09:53:34,146
2025-10-25 09:53:34,146.5
2025-10-25 09:53:34,146.93
2025-10-25 09:53:34,147.25
2025-10-25 09:53:34,147.68
2025-10-25 09:53:34,148.12
2025-10-25 09:53:34,148.56
2025-10-25 09:53:34,149
2025-10-25 09:53:34,149.43
2025-10-25 09:53:34,149.75
2025-10-25 09:53:34,150.37
2025-10-25 09:53:34,150.81
2025-10-25 09:53:34,151.06
2025-10-25 09:53:34,151.56
2025-10-25 09:53:35,152.12
2025-10-25 09:53:35,152.56
2025-10-25 09:53:35,153.06
2025-10-25 09:53:35,153.37
2025-10-25 09:53:35,153.87
2025-10-25 09:53:35,154.37
2025-10-25 09:53:35,154.87
2025-10-25 09:53:35,155.37
2025-10-25 09:53:35,155.87
2025-10-25 09:53:35,156.25
2025-10-25 09:53:35,156.75
2025-10-25 09:53:35,157.31
2025-10-25 09:53:35,157.81
2025-10-25 09:53:35,158.37
2025-10-25 09:53:35,159.12
2025-10-25 09:53:35,159.62
2025-10-25 09:53:35,160.12
2025-10-25 09:53:35,160.5
2025-10-25 09:53:35,160.93
2025-10-25 09:53:35,161.43
2025-10-25 09:53:35,161.87
2025-10-25 09:53:35,162.31
2025-10-25 09:53:35,162.75
2025-10-25 09:53:35,163.06
2025-10-25 09:53:35,163.43
2025-10-25 09:53:35,163.87
2025-10-25 09:53:35,164.25
2025-10-25 09:53:35,164.62
2025-10-25 09:53:35,164.81
2025-10-25 09:53:35,165.31
2025-10-25 09:53:35,165.62
2025-10-25 09:53:35,165.93
2025-10-25 09:53:35,166.31
2025-10-25 09:53:35,166.68
2025-10-25 09:53:36,167.06
2025-10-25 09:53:36,167.43
2025-10-25 09:53:36,167.68
2025-10-25 09:53:36,168.06
2025-10-25 09:53:36,168.5
2025-10-25 09:53:36,168.87
2025-10-25 09:53:36,169.31
2025-10-25 09:53:36,169.75
2025-10-25 09:53:36,170.06
2025-10-25 09:53:36,170.62
2025-10-25 09:53:36,171.12
2025-10-25 09:53:36,171.56
2025-10-25 09:53:36,172.06
2025-10-25 09:53:36,172.5
2025-10-25 09:53:36,173
2025-10-25 09:53:36,173.43
2025-10-25 09:53:36,173.75
2025-10-25 09:53:36,174.25
2025-10-25 09:53:36,174.75
2025-10-25 09:53:36,175.25
2025-10-25 09:53:36,175.68
2025-10-25 09:53:36,176.18
2025-10-25 09:53:36,176.56
2025-10-25 09:53:36,177.18
2025-10-25 09:53:36,177.68
2025-10-25 09:53:36,178.18
2025-10-25 09:53:36,178.62
2025-10-25 09:53:36,179
2025-10-25 09:53:36,179.43
2025-10-25 09:53:36,179.93
2025-10-25 09:53:36,-179.63
2025-10-25 09:53:36,-179.19
2025-10-25 09:53:36,-178.75
2025-10-25 09:53:36,-178.25
2025-10-25 09:53:37,-177.82
2025-10-25 09:53:37,-177.38
2025-10-25 09:53:37,-177.07
2025-10-25 09:53:37,-176.5
2025-10-25 09:53:37,-176.07
2025-10-25 09:53:37,-175.63
2025-10-25 09:53:37,-175.25
2025-10-25 09:53:37,-175
2025-10-25 09:53:37,-174.63
2025-10-25 09:53:37,-174.25
2025-10-25 09:53:37,-173.88
2025-10-25 09:53:37,-173.44
2025-10-25 09:53:37,-173.07
2025-10-25 09:53:37,-172.69
2025-10-25 09:53:37,-172.32
2025-10-25 09:53:37,-172.07
2025-10-25 09:53:37,-171.69
2025-10-25 09:53:37,-171.19
2025-10-25 09:53:37,-170.82
2025-10-25 09:53:37,-170.44
2025-10-25 09:53:37,-170
2025-10-25 09:53:37,-169.75
2025-10-25 09:53:37,-169.32
2025-10-25 09:53:37,-168.88
2025-10-25 09:53:37,-168.5
2025-10-25 09:53:37,-168.07
2025-10-25 09:53:37,-167.63
2025-10-25 09:53:37,-167.38
2025-10-25 09:53:37,-166.94
2025-10-25 09:53:37,-166.5
2025-10-25 09:53:37,-166.07
2025-10-25 09:53:37,-165.63
2025-10-25 09:53:37,-165.25
2025-10-25 09:53:37,-164.82
2025-10-25 09:53:38,-164.44
2025-10-25 09:53:38,-164
2025-10-25 09:53:38,-163.63
2025-10-25 09:53:38,-163.19
2025-10-25 09:53:38,-162.82
2025-10-25 09:53:38,-162.44
2025-10-25 09:53:38,-162.19
2025-10-25 09:53:38,-161.82
2025-10-25 09:53:38,-161.44
2025-10-25 09:53:38,-161.07
2025-10-25 09:53:38,-160.69
2025-10-25 09:53:38,-160.25
2025-10-25 09:53:38,-159.75
2025-10-25 09:53:38,-159.38
2025-10-25 09:53:38,-159.13
2025-10-25 09:53:38,-158.75
2025-10-25 09:53:38,-158.38
2025-10-25 09:53:38,-157.94
2025-10-25 09:53:38,-157.5
2025-10-25 09:53:38,-157.13
2025-10-25 09:53:38,-156.82
2025-10-25 09:53:38,-156.38
2025-10-25 09:53:38,-155.94
2025-10-25 09:53:38,-155.5
2025-10-25 09:53:38,-155.1
2025-10-25 09:53:38,-154.82
2025-10-25 09:53:38,-154.38
2025-10-25 09:53:38,-153.75
2025-10-25 09:53:38,-153.32
2025-10-25 09:53:38,-152.82
2025-10-25 09:53:38,-152.32
2025-10-25 09:53:38,-152
2025-10-25 09:53:38,-151.5
2025-10-25 09:53:38,-151
2025-10-25 09:53:38,-150.5
2025-10-25 09:53:39,-150
2025-10-25 09:53:39,-149.44
2025-10-25 09:53:39,-148.88
2025-10-25 09:53:39,-148.38
2025-10-25 09:53:39,-148
2025-10-25 09:53:39,-147.57
2025-10-25 09:53:39,-146.94
2025-10-25 09:53:39,-146.57
2025-10-25 09:53:39,-146.19
2025-10-25 09:53:39,-145.88
2025-10-25 09:53:39,-145.57
2025-10-25 09:53:39,-145.32
2025-10-25 09:53:39,-145.13
2025-10-25 09:53:39,-144.88
2025-10-25 09:53:39,-144.69
2025-10-25 09:53:39,-144.5
2025-10-25 09:53:39,-144.32
2025-10-25 09:53:39,-144.13
2025-10-25 09:53:39,-144
2025-10-25 09:53:39,-143.82
2025-10-25 09:53:39,-143.5
2025-10-25 09:53:39,-143.25
2025-10-25 09:53:39,-143
2025-10-25 09:53:39,-142.88
2025-10-25 09:53:39,-142.63
2025-10-25 09:53:39,-142.32
2025-10-25 09:53:39,-142.07
2025-10-25 09:53:39,-141.82
2025-10-25 09:53:39,-141.57
2025-10-25 09:53:39,-141.38
2025-10-25 09:53:39,-141.13
2025-10-25 09:53:39,-140.88
2025-10-25 09:53:39,-140.63
2025-10-25 09:53:39,-140.32
2025-10-25 09:53:40,-140.07
2025-10-25 09:53:40,-139.75
2025-10-25 09:53:40,-139.57
2025-10-25 09:53:40,-139.32
2025-10-25 09:53:40,-139.07
2025-10-25 09:53:40,-138.82
2025-10-25 09:53:40,-138.5
2025-10-25 09:53:40,-138.25
2025-10-25 09:53:40,-137.94
2025-10-25 09:53:40,-137.69
2025-10-25 09:53:40,-137.38
2025-10-25 09:53:40,-137.19
2025-10-25 09:53:40,-136.88
2025-10-25 09:53:40,-136.57
2025-10-25 09:53:40,-136.25
2025-10-25 09:53:40,-135.82
2025-10-25 09:53:40,-135.63
2025-10-25 09:53:40,-135.25
2025-10-25 09:53:40,-134.94
2025-10-25 09:53:40,-134.63
2025-10-25 09:53:40,-134.25
2025-10-25 09:53:40,-133.94
2025-10-25 09:53:40,-133.57
2025-10-25 09:53:40,-133.32
2025-10-25 09:53:40,-132.94
2025-10-25 09:53:40,-132.57
2025-10-25 09:53:40,-132.19
2025-10-25 09:53:40,-131.82
2025-10-25 09:53:40,-131.44
2025-10-25 09:53:40,-131.19
2025-10-25 09:53:40,-130.69
2025-10-25 09:53:40,-130.32
2025-10-25 09:53:40,-129.94
2025-10-25 09:53:40,-129.57
2025-10-25 09:53:41,-129.19
2025-10-25 09:53:41,-128.88
2025-10-25 09:53:41,-128.5
2025-10-25 09:53:41,-128.32
2025-10-25 09:53:41,-127.88
2025-10-25 09:53:41,-127.69
2025-10-25 09:53:41,-127.38
2025-10-25 09:53:41,-127.07
2025-10-25 09:53:41,-126.75
2025-10-25 09:53:41,-126.38
2025-10-25 09:53:41,-126
2025-10-25 09:53:41,-125.75
2025-10-25 09:53:41,-125.44
2025-10-25 09:53:41,-125.07
2025-10-25 09:53:41,-124.69
2025-10-25 09:53:41,-124.32
2025-10-25 09:53:41,-124
2025-10-25 09:53:41,-123.57
2025-10-25 09:53:41,-123.19
2025-10-25 09:53:41,-122.69
2025-10-25 09:53:41,-122.25
2025-10-25 09:53:41,-121.75
2025-10-25 09:53:41,-121.32
2025-10-25 09:53:41,-121
2025-10-25 09:53:41,-120.5
2025-10-25 09:53:41,-119.88
2025-10-25 09:53:41,-119.44
2025-10-25 09:53:41,-118.94
2025-10-25 09:53:41,-118.63
2025-10-25 09:53:41,-118.19
2025-10-25 09:53:41,-117.75
2025-10-25 09:53:41,-117.38
2025-10-25 09:53:41,-116.94
2025-10-25 09:53:41,-116.57
2025-10-25 09:53:41,-116.32
2025-10-25 09:53:42,-115.94
2025-10-25 09:53:42,-115.57
2025-10-25 09:53:42,-115.13
2025-10-25 09:53:42,-114.82
2025-10-25 09:53:42,-114.5
2025-10-25 09:53:42,-114.25
2025-10-25 09:53:42,-114
2025-10-25 09:53:42,-113.75
2025-10-25 09:53:42,-113.5
2025-10-25 09:53:42,-113.32
2025-10-25 09:53:42,-113.13
2025-10-25 09:53:42,-112.88
2025-10-25 09:53:42,-112.63
2025-10-25 09:53:42,-112.44
2025-10-25 09:53:42,-112.19
2025-10-25 09:53:42,-112.07
2025-10-25 09:53:42,-111.88
2025-10-25 09:53:42,-111.63
2025-10-25 09:53:42,-111.38
2025-10-25 09:53:42,-111.07
2025-10-25 09:53:42,-110.88
2025-10-25 09:53:42,-110.57
2025-10-25 09:53:42,-110.32
2025-10-25 09:53:42,-110
2025-10-25 09:53:42,-109.69
2025-10-25 09:53:42,-109.44
2025-10-25 09:53:42,-109.19
2025-10-25 09:53:42,-108.88
2025-10-25 09:53:42,-108.57
2025-10-25 09:53:42,-108.25
2025-10-25 09:53:42,-107.94
2025-10-25 09:53:42,-107.63
2025-10-25 09:53:42,-107.38
2025-10-25 09:53:42,-107.07
2025-10-25 09:53:43,-106.69
2025-10-25 09:53:43,-106.38
2025-10-25 09:53:43,-106.07
2025-10-25 09:53:43,-105.75
2025-10-25 09:53:43,-105.44
2025-10-25 09:53:43,-105.13
2025-10-25 09:53:43,-104.82
2025-10-25 09:53:43,-104.57
2025-10-25 09:53:43,-104.25
2025-10-25 09:53:43,-103.94
2025-10-25 09:53:43,-103.63
2025-10-25 09:53:43,-103.25
2025-10-25 09:53:43,-102.94
2025-10-25 09:53:43,-102.63
2025-10-25 09:53:43,-102.25
2025-10-25 09:53:43,-101.94
2025-10-25 09:53:43,-101.57
2025-10-25 09:53:43,-101.25
2025-10-25 09:53:43,-100.88
2025-10-25 09:53:43,-100.63
2025-10-25 09:53:43,-100.32
2025-10-25 09:53:43,-99.94
2025-10-25 09:53:43,-99.63
2025-10-25 09:53:43,-99.25
2025-10-25 09:53:43,-98.94
2025-10-25 09:53:43,-98.69
2025-10-25 09:53:43,-98.32
2025-10-25 09:53:43,-98
2025-10-25 09:53:43,-97.63
2025-10-25 09:53:43,-97.13
2025-10-25 09:53:43,-96.88
2025-10-25 09:53:43,-96.57
2025-10-25 09:53:43,-96.22
2025-10-25 09:53:43,-95.82
2025-10-25 09:53:44,-95.44
2025-10-25 09:53:44,-95.07
2025-10-25 09:53:44,-94.69
2025-10-25 09:53:44,-94.32
2025-10-25 09:53:44,-93.94
2025-10-25 09:53:44,-93.57
2025-10-25 09:53:44,-93.19
2025-10-25 09:53:44,-93
2025-10-25 09:53:44,-92.63
2025-10-25 09:53:44,-92.13
2025-10-25 09:53:44,-91.75
2025-10-25 09:53:44,-91.44
2025-10-25 09:53:44,-91.19
2025-10-25 09:53:44,-90.82
2025-10-25 09:53:44,-90.44
2025-10-25 09:53:44,-90.13
2025-10-25 09:53:44,-89.75
2025-10-25 09:53:44,-89.38
2025-10-25 09:53:44,-89
2025-10-25 09:53:44,-88.82
2025-10-25 09:53:44,-88.44
2025-10-25 09:53:44,-88.07
2025-10-25 09:53:44,-87.69
2025-10-25 09:53:44,-87.38
2025-10-25 09:53:44,-86.88
2025-10-25 09:53:44,-86.69
2025-10-25 09:53:44,-86.38
2025-10-25 09:53:44,-86
2025-10-25 09:53:44,-85.69
2025-10-25 09:53:44,-85.32
2025-10-25 09:53:44,-84.94
2025-10-25 09:53:44,-84.69
2025-10-25 09:53:44,-84.38
2025-10-25 09:53:44,-84
2025-10-25 09:53:45,-83.63
2025-10-25 09:53:45,-83.32
2025-10-25 09:53:45,-82.94
2025-10-25 09:53:45,-82.57
2025-10-25 09:53:45,-82.07
2025-10-25 09:53:45,-81.69
2025-10-25 09:53:45,-81.32
2025-10-25 09:53:45,-81.07
2025-10-25 09:53:45,-80.69
2025-10-25 09:53:45,-80.32
2025-10-25 09:53:45,-79.94
2025-10-25 09:53:45,-79.63
2025-10-25 09:53:45,-79.19
2025-10-25 09:53:45,-78.94
2025-10-25 09:53:45,-78.57
2025-10-25 09:53:45,-78.13
2025-10-25 09:53:45,-77.75
2025-10-25 09:53:45,-77.25
2025-10-25 09:53:45,-76.88
2025-10-25 09:53:45,-76.44
2025-10-25 09:53:45,-76
2025-10-25 09:53:45,-75.57
2025-10-25 09:53:45,-75.13
2025-10-25 09:53:45,-74.69
2025-10-25 09:53:45,-74.38
2025-10-25 09:53:45,-73.94
2025-10-25 09:53:45,-73.57
2025-10-25 09:53:45,-73.19
2025-10-25 09:53:45,-72.82
2025-10-25 09:53:45,-72.44
2025-10-25 09:53:45,-72.13
2025-10-25 09:53:45,-71.94
2025-10-25 09:53:45,-71.5
2025-10-25 09:53:45,-71.19
2025-10-25 09:53:46,-70.88
2025-10-25 09:53:46,-70.57
2025-10-25 09:53:46,-70.19
2025-10-25 09:53:46,-69.94
2025-10-25 09:53:46,-69.63
2025-10-25 09:53:46,-69.38
2025-10-25 09:53:46,-69.13
2025-10-25 09:53:46,-68.94
2025-10-25 09:53:46,-68.69
2025-10-25 09:53:46,-68.44
2025-10-25 09:53:46,-68.13
2025-10-25 09:53:46,-67.88
2025-10-25 09:53:46,-67.63
2025-10-25 09:53:46,-67.32
2025-10-25 09:53:46,-67.07
2025-10-25 09:53:46,-66.88
2025-10-25 09:53:46,-66.63
2025-10-25 09:53:46,-66.38
2025-10-25 09:53:46,-66.19
2025-10-25 09:53:46,-65.94
2025-10-25 09:53:46,-65.69
2025-10-25 09:53:46,-65.44
2025-10-25 09:53:46,-65.13
2025-10-25 09:53:46,-64.82
2025-10-25 09:53:46,-64.63
2025-10-25 09:53:46,-64.38
2025-10-25 09:53:46,-64.07
2025-10-25 09:53:46,-63.75
2025-10-25 09:53:46,-63.38
2025-10-25 09:53:46,-63.13
2025-10-25 09:53:46,-62.82
2025-10-25 09:53:46,-62.44
2025-10-25 09:53:46,-62.13
2025-10-25 09:53:46,-61.82
2025-10-25 09:53:46,-61.5
2025-10-25 09:53:47,-61.19
2025-10-25 09:53:47,-60.88
2025-10-25 09:53:47,-60.63
2025-10-25 09:53:47,-60.32
2025-10-25 09:53:47,-60.07
2025-10-25 09:53:47,-59.82
2025-10-25 09:53:47,-59.63
2025-10-25 09:53:47,-59.38
2025-10-25 09:53:47,-59.19
2025-10-25 09:53:47,-59.07
2025-10-25 09:53:47,-58.94
2025-10-25 09:53:47,-58.82
2025-10-25 09:53:47,-58.69
2025-10-25 09:53:47,-58.57
2025-10-25 09:53:47,-58.5
2025-10-25 09:53:47,-58.38
2025-10-25 09:53:47,-58.25
2025-10-25 09:53:47,-58.13
2025-10-25 09:53:47,-57.94
2025-10-25 09:53:47,-57.75
2025-10-25 09:53:47,-57.5
2025-10-25 09:53:47,-57.25
2025-10-25 09:53:47,-56.94
2025-10-25 09:53:47,-56.69
2025-10-25 09:53:47,-56.38
2025-10-25 09:53:47,-56.07
2025-10-25 09:53:47,-55.75
2025-10-25 09:53:47,-55.5
2025-10-25 09:53:47,-55.19
2025-10-25 09:53:47,-54.75
2025-10-25 09:53:47,-54.5
2025-10-25 09:53:47,-54.19
2025-10-25 09:53:47,-53.94
2025-10-25 09:53:47,-53.69
2025-10-25 09:53:48,-53.5
2025-10-25 09:53:48,-53.32
2025-10-25 09:53:48,-53.07
2025-10-25 09:53:48,-52.88
2025-10-25 09:53:48,-52.69
2025-10-25 09:53:48,-52.5
2025-10-25 09:53:48,-52.25
2025-10-25 09:53:48,-52
2025-10-25 09:53:48,-51.75
2025-10-25 09:53:48,-51.57
2025-10-25 09:53:48,-51.25
2025-10-25 09:53:48,-51
2025-10-25 09:53:48,-50.69
2025-10-25 09:53:48,-50.38
2025-10-25 09:53:48,-50
2025-10-25 09:53:48,-49.75
2025-10-25 09:53:48,-49.32
2025-10-25 09:53:48,-49
2025-10-25 09:53:48,-48.63
2025-10-25 09:53:48,-48.38
2025-10-25 09:53:48,-48.13
2025-10-25 09:53:48,-47.82
2025-10-25 09:53:48,-47.57
2025-10-25 09:53:48,-47.25
2025-10-25 09:53:48,-46.94
2025-10-25 09:53:48,-46.63
2025-10-25 09:53:48,-46.44
2025-10-25 09:53:48,-46.19
2025-10-25 09:53:48,-45.82
2025-10-25 09:53:48,-45.63
2025-10-25 09:53:48,-45.32
2025-10-25 09:53:48,-45
2025-10-25 09:53:48,-44.75
2025-10-25 09:53:48,-44.5
2025-10-25 09:53:49,-44.25
2025-10-25 09:53:49,-43.94
2025-10-25 09:53:49,-43.69
2025-10-25 09:53:49,-43.38
2025-10-25 09:53:49,-43.07
2025-10-25 09:53:49,-42.75
2025-10-25 09:53:49,-42.57
2025-10-25 09:53:49,-42.25
2025-10-25 09:53:49,-41.88
2025-10-25 09:53:49,-41.57
2025-10-25 09:53:49,-41.13
2025-10-25 09:53:49,-40.82
2025-10-25 09:53:49,-40.5
2025-10-25 09:53:49,-40.19
2025-10-25 09:53:49,-39.94
2025-10-25 09:53:49,-39.63
2025-10-25 09:53:49,-39.32
2025-10-25 09:53:49,-38.94
2025-10-25 09:53:49,-38.63
2025-10-25 09:53:49,-38.32
2025-10-25 09:53:49,-38.13
2025-10-25 09:53:49,-37.82
2025-10-25 09:53:49,-37.5
2025-10-25 09:53:49,-37.19
2025-10-25 09:53:49,-36.94
2025-10-25 09:53:49,-36.63
2025-10-25 09:53:49,-36.32
2025-10-25 09:53:49,-36
2025-10-25 09:53:49,-35.75
2025-10-25 09:53:49,-35.44
2025-10-25 09:53:49,-35.19
2025-10-25 09:53:49,-34.88
2025-10-25 09:53:49,-34.63
2025-10-25 09:53:49,-34.44
2025-10-25 09:53:49,-34.19
2025-10-25 09:53:50,-33.94
2025-10-25 09:53:50,-33.69
2025-10-25 09:53:50,-33.44
2025-10-25 09:53:50,-33.25
2025-10-25 09:53:50,-33
2025-10-25 09:53:50,-32.82
2025-10-25 09:53:50,-32.63
2025-10-25 09:53:50,-32.5
2025-10-25 09:53:50,-32.32
2025-10-25 09:53:50,-32.13
2025-10-25 09:53:50,-31.94
2025-10-25 09:53:50,-31.69
2025-10-25 09:53:50,-31.57
2025-10-25 09:53:50,-31.38
2025-10-25 09:53:50,-31.13
2025-10-25 09:53:50,-30.94
2025-10-25 09:53:50,-30.69
2025-10-25 09:53:50,-30.44
2025-10-25 09:53:50,-30.19
2025-10-25 09:53:50,-29.94
2025-10-25 09:53:50,-29.69
2025-10-25 09:53:50,-29.38
2025-10-25 09:53:50,-29.13
2025-10-25 09:53:50,-28.94
2025-10-25 09:53:50,-28.69
2025-10-25 09:53:50,-28.44
2025-10-25 09:53:50,-28.13
2025-10-25 09:53:50,-27.88
2025-10-25 09:53:50,-27.57
2025-10-25 09:53:50,-27.32
2025-10-25 09:53:50,-27
2025-10-25 09:53:50,-26.75
2025-10-25 09:53:50,-26.44
2025-10-25 09:53:50,-26.13
2025-10-25 09:53:51,-25.88
2025-10-25 09:53:51,-25.57
2025-10-25 09:53:51,-25.25
2025-10-25 09:53:51,-24.94
2025-10-25 09:53:51,-24.75
2025-10-25 09:53:51,-24.44
2025-10-25 09:53:51,-24.13
2025-10-25 09:53:51,-23.82
2025-10-25 09:53:51,-23.5
2025-10-25 09:53:51,-23.19
2025-10-25 09:53:51,-22.88
2025-10-25 09:53:51,-22.5
2025-10-25 09:53:51,-22.19
2025-10-25 09:53:51,-21.88
2025-10-25 09:53:51,-21.5
2025-10-25 09:53:51,-21.19
2025-10-25 09:53:51,-20.82
2025-10-25 09:53:51,-20.57
2025-10-25 09:53:51,-20.19
2025-10-25 09:53:51,-19.82
2025-10-25 09:53:51,-19.44
2025-10-25 09:53:51,-19.07
2025-10-25 09:53:51,-18.69
2025-10-25 09:53:51,-18.44
2025-10-25 09:53:51,-17.88
2025-10-25 09:53:51,-17.63
2025-10-25 09:53:51,-17.07
2025-10-25 09:53:51,-16.63
2025-10-25 09:53:51,-16.25
2025-10-25 09:53:51,-15.82
2025-10-25 09:53:51,-15.57
2025-10-25 09:53:51,-15.13
2025-10-25 09:53:51,-14.69
2025-10-25 09:53:51,-14.32
2025-10-25 09:53:51,-13.88
2025-10-25 09:53:52,-13.5
2025-10-25 09:53:52,-13.25
2025-10-25 09:53:52,-12.82
2025-10-25 09:53:52,-12.44
2025-10-25 09:53:52,-12.07
2025-10-25 09:53:52,-11.63
2025-10-25 09:53:52,-11.25
2025-10-25 09:53:52,-10.88
2025-10-25 09:53:52,-10.5
2025-10-25 09:53:52,-10.13
2025-10-25 09:53:52,-9.69
2025-10-25 09:53:52,-9.32001
2025-10-25 09:53:52,-8.94
2025-10-25 09:53:52,-8.57001
2025-10-25 09:53:52,-8.19
2025-10-25 09:53:52,-7.94
2025-10-25 09:53:52,-7.5
2025-10-25 09:53:52,-7.13
2025-10-25 09:53:52,-6.75
2025-10-25 09:53:52,-6.38
2025-10-25 09:53:52,-6
2025-10-25 09:53:52,-5.63
2025-10-25 09:53:52,-5.25
2025-10-25 09:53:52,-4.88
2025-10-25 09:53:52,-4.5
2025-10-25 09:53:52,-4.13
2025-10-25 09:53:52,-3.75
2025-10-25 09:53:52,-3.38
2025-10-25 09:53:52,-3.13
2025-10-25 09:53:52,-2.75
2025-10-25 09:53:52,-2.38
2025-10-25 09:53:52,-2
2025-10-25 09:53:52,-1.69
2025-10-25 09:53:52,-1.32001
2025-10-25 09:53:53,-0.940002
2025-10-25 09:53:53,-0.570007
2025-10-25 09:53:53,-0.25
2025-10-25 09:53:53,0.12
2025-10-25 09:53:53,0.5
2025-10-25 09:53:53,0.75
2025-10-25 09:53:53,1.12
2025-10-25 09:53:53,1.43
2025-10-25 09:53:53,1.81
2025-10-25 09:53:53,2.18
2025-10-25 09:53:53,2.56
2025-10-25 09:53:53,2.87
2025-10-25 09:53:53,3.25
2025-10-25 09:53:53,3.56
2025-10-25 09:53:53,3.93
2025-10-25 09:53:53,4.25
2025-10-25 09:53:53,4.56
2025-10-25 09:53:53,4.87
2025-10-25 09:53:53,5.18
2025-10-25 09:53:53,5.37
2025-10-25 09:53:53,5.68
2025-10-25 09:53:53,5.93
2025-10-25 09:53:53,6.12
2025-10-25 09:53:53,6.37
2025-10-25 09:53:53,6.56
2025-10-25 09:53:53,6.68
2025-10-25 09:53:53,6.81
2025-10-25 09:53:53,6.87
2025-10-25 09:53:53,6.93
2025-10-25 09:53:53,6.93
2025-10-25 09:53:53,6.87
2025-10-25 09:53:53,6.81
2025-10-25 09:53:53,6.75
2025-10-25 09:53:53,6.62
2025-10-25 09:53:53,6.56
2025-10-25 09:53:54,6.5
2025-10-25 09:53:54,6.37
2025-10-25 09:53:54,6.31
2025-10-25 09:53:54,6.25
2025-10-25 09:53:54,6.18
2025-10-25 09:53:54,6.06
2025-10-25 09:53:54,6
2025-10-25 09:53:54,5.93
2025-10-25 09:53:54,5.81
2025-10-25 09:53:54,5.68
2025-10-25 09:53:54,5.5
2025-10-25 09:53:54,5.43
2025-10-25 09:53:54,5.22
2025-10-25 09:53:54,5.12
2025-10-25 09:53:54,4.93
2025-10-25 09:53:54,4.75
2025-10-25 09:53:54,4.62
2025-10-25 09:53:54,4.43
2025-10-25 09:53:54,4.31
2025-10-25 09:53:54,4.12
2025-10-25 09:53:54,4
2025-10-25 09:53:54,3.81
2025-10-25 09:53:54,3.56
2025-10-25 09:53:54,3.37
2025-10-25 09:53:54,3.18
2025-10-25 09:53:54,3.06
2025-10-25 09:53:54,2.93
2025-10-25 09:53:54,2.81
2025-10-25 09:53:54,2.75
2025-10-25 09:53:54,2.68
2025-10-25 09:53:54,2.68
2025-10-25 09:53:54,2.68
2025-10-25 09:53:54,2.68
2025-10-25 09:53:54,2.62
2025-10-25 09:53:55,2.56
2025-10-25 09:53:55,2.56
2025-10-25 09:53:55,2.62
2025-10-25 09:53:55,2.68
2025-10-25 09:53:55,2.75
2025-10-25 09:53:55,2.87
2025-10-25 09:53:55,2.93
2025-10-25 09:53:55,3
2025-10-25 09:53:55,3.06
2025-10-25 09:53:55,3.06
2025-10-25 09:53:55,3.06
2025-10-25 09:53:55,3
2025-10-25 09:53:55,3
2025-10-25 09:53:55,3
2025-10-25 09:53:55,3
2025-10-25 09:53:55,3
2025-10-25 09:53:55,2.93
2025-10-25 09:53:55,2.87
2025-10-25 09:53:55,2.81
2025-10-25 09:53:55,2.75
2025-10-25 09:53:55,2.68
2025-10-25 09:53:55,2.68
2025-10-25 09:53:55,2.62
2025-10-25 09:53:55,2.62
2025-10-25 09:53:55,2.56
2025-10-25 09:53:55,2.5
2025-10-25 09:53:55,2.5
2025-10-25 09:53:55,2.43
2025-10-25 09:53:55,2.37
2025-10-25 09:53:55,2.31
2025-10-25 09:53:55,2.31
2025-10-25 09:53:55,2.25
2025-10-25 09:53:55,2.18
2025-10-25 09:53:55,2.18
2025-10-25 09:53:56,2.12
2025-10-25 09:53:56,2.06
2025-10-25 09:53:56,2.06
2025-10-25 09:53:56,2
2025-10-25 09:53:56,1.93
2025-10-25 09:53:56,1.93
2025-10-25 09:53:56,1.87
2025-10-25 09:53:56,1.81
2025-10-25 09:53:56,1.81
2025-10-25 09:53:56,1.75
2025-10-25 09:53:56,1.68
2025-10-25 09:53:56,1.68
2025-10-25 09:53:56,1.62
2025-10-25 09:53:56,1.56
2025-10-25 09:53:56,1.5
2025-10-25 09:53:56,1.5
2025-10-25 09:53:56,1.43
2025-10-25 09:53:56,1.37
2025-10-25 09:53:56,1.37
2025-10-25 09:53:56,1.31
2025-10-25 09:53:56,1.31
2025-10-25 09:53:56,1.25
2025-10-25 09:53:56,1.18
2025-10-25 09:53:56,1.18
2025-10-25 09:53:56,1.12
2025-10-25 09:53:56,1.06
2025-10-25 09:53:56,1.06
2025-10-25 09:53:56,1
2025-10-25 09:53:56,1
2025-10-25 09:53:56,0.93
2025-10-25 09:53:56,0.93
2025-10-25 09:53:56,0.87
2025-10-25 09:53:56,0.87
2025-10-25 09:53:56,0.81
2025-10-25 09:53:57,0.81
2025-10-25 09:53:57,0.75
2025-10-25 09:53:57,0.75
2025-10-25 09:53:57,0.68
2025-10-25 09:53:57,0.68
2025-10-25 09:53:57,0.62
2025-10-25 09:53:57,0.62
2025-10-25 09:53:57,0.56
2025-10-25 09:53:57,0.56
2025-10-25 09:53:57,0.5
2025-10-25 09:53:57,0.5
2025-10-25 09:53:57,0.5
2025-10-25 09:53:57,0.43
2025-10-25 09:53:57,0.43
2025-10-25 09:53:57,0.37
2025-10-25 09:53:57,0.37
2025-10-25 09:53:57,0.37
2025-10-25 09:53:57,0.31
2025-10-25 09:53:57,0.31
2025-10-25 09:53:57,0.31
2025-10-25 09:53:57,0.25
2025-10-25 09:53:57,0.25
2025-10-25 09:53:57,0.18
2025-10-25 09:53:57,0.18
2025-10-25 09:53:57,0.18
2025-10-25 09:53:57,0.18
2025-10-25 09:53:57,0.12
2025-10-25 09:53:57,0.12
2025-10-25 09:53:57,0.12
