Timestamp,Yaw_Angle(degrees),Hex_Byte0,Hex_Byte1,Hex_Byte2,Hex_Byte3,Hex_Byte4,Hex_Byte5,Hex_All
2025-10-25 14:21:57,81.81,0xff,0x4b,0xff,0xe7,0x1f,0xf5,"ff 4b ff e7 1f f5 00 00"
2025-10-25 14:21:57,81.81,0xff,0x4b,0xff,0xe7,0x1f,0xf5,"ff 4b ff e7 1f f5 00 00"
2025-10-25 14:21:57,81.81,0xff,0x4b,0xff,0xe7,0x1f,0xf5,"ff 4b ff e7 1f f5 00 00"
2025-10-25 14:21:57,81.81,0xff,0x4b,0xff,0xe7,0x1f,0xf5,"ff 4b ff e7 1f f5 00 00"
2025-10-25 14:21:57,81.81,0xff,0x4b,0xff,0xe7,0x1f,0xf5,"ff 4b ff e7 1f f5 00 00"
2025-10-25 14:21:57,81.81,0xff,0x4b,0xff,0xe7,0x1f,0xf5,"ff 4b ff e7 1f f5 00 00"
2025-10-25 14:21:57,81.81,0xff,0x4b,0xff,0xe7,0x1f,0xf5,"ff 4b ff e7 1f f5 00 00"
2025-10-25 14:21:57,81.81,0xff,0x4b,0xff,0xe1,0x1f,0xf5,"ff 4b ff e1 1f f5 00 00"
2025-10-25 14:21:57,81.81,0xff,0x45,0xff,0xe1,0x1f,0xf5,"ff 45 ff e1 1f f5 00 00"
2025-10-25 14:21:57,81.81,0xff,0x45,0xff,0xe1,0x1f,0xf5,"ff 45 ff e1 1f f5 00 00"
2025-10-25 14:21:57,81.81,0xff,0x45,0xff,0xe1,0x1f,0xf5,"ff 45 ff e1 1f f5 00 00"
2025-10-25 14:21:57,81.81,0xff,0x45,0xff,0xe1,0x1f,0xf5,"ff 45 ff e1 1f f5 00 00"
2025-10-25 14:21:57,81.81,0xff,0x45,0xff,0xe1,0x1f,0xf5,"ff 45 ff e1 1f f5 00 00"
2025-10-25 14:21:57,81.81,0xff,0x45,0xff,0xe1,0x1f,0xf5,"ff 45 ff e1 1f f5 00 00"
2025-10-25 14:21:57,81.81,0xff,0x4b,0xff,0xe7,0x1f,0xf5,"ff 4b ff e7 1f f5 00 00"
2025-10-25 14:21:57,81.81,0xff,0x4b,0xff,0xe7,0x1f,0xf5,"ff 4b ff e7 1f f5 00 00"
2025-10-25 14:21:57,81.81,0xff,0x4b,0xff,0xe7,0x1f,0xf5,"ff 4b ff e7 1f f5 00 00"
2025-10-25 14:21:57,81.81,0xff,0x4b,0xff,0xe7,0x1f,0xf5,"ff 4b ff e7 1f f5 00 00"
2025-10-25 14:21:57,81.81,0xff,0x4b,0xff,0xe7,0x1f,0xf5,"ff 4b ff e7 1f f5 00 00"
2025-10-25 14:21:57,81.81,0xff,0x4b,0xff,0xe7,0x1f,0xf5,"ff 4b ff e7 1f f5 00 00"
2025-10-25 14:21:57,81.81,0xff,0x4b,0xff,0xe7,0x1f,0xf5,"ff 4b ff e7 1f f5 00 00"
2025-10-25 14:21:57,81.81,0xff,0x4b,0xff,0xe7,0x1f,0xf5,"ff 4b ff e7 1f f5 00 00"
2025-10-25 14:21:57,81.81,0xff,0x45,0xff,0xe1,0x1f,0xf5,"ff 45 ff e1 1f f5 00 00"
2025-10-25 14:21:57,81.81,0xff,0x45,0xff,0xe1,0x1f,0xf5,"ff 45 ff e1 1f f5 00 00"
2025-10-25 14:21:57,81.81,0xff,0x45,0xff,0xe1,0x1f,0xf5,"ff 45 ff e1 1f f5 00 00"
2025-10-25 14:21:57,81.81,0xff,0x45,0xff,0xe1,0x1f,0xf5,"ff 45 ff e1 1f f5 00 00"
2025-10-25 14:21:57,81.81,0xff,0x45,0xff,0xe1,0x1f,0xf5,"ff 45 ff e1 1f f5 00 00"
2025-10-25 14:21:57,81.81,0xff,0x45,0xff,0xe1,0x1f,0xf5,"ff 45 ff e1 1f f5 00 00"
2025-10-25 14:21:57,81.81,0xff,0x45,0xff,0xe1,0x1f,0xf5,"ff 45 ff e1 1f f5 00 00"
2025-10-25 14:21:57,81.81,0xff,0x45,0xff,0xe1,0x1f,0xf5,"ff 45 ff e1 1f f5 00 00"
2025-10-25 14:21:57,81.81,0xff,0x45,0xff,0xe1,0x1f,0xf5,"ff 45 ff e1 1f f5 00 00"
2025-10-25 14:21:57,81.81,0xff,0x45,0xff,0xe7,0x1f,0xf5,"ff 45 ff e7 1f f5 00 00"
2025-10-25 14:21:57,81.81,0xff,0x45,0xff,0xe7,0x1f,0xf5,"ff 45 ff e7 1f f5 00 00"
2025-10-25 14:21:57,81.81,0xff,0x4b,0xff,0xe7,0x1f,0xf5,"ff 4b ff e7 1f f5 00 00"
2025-10-25 14:21:57,81.81,0xff,0x4b,0xff,0xe7,0x1f,0xf5,"ff 4b ff e7 1f f5 00 00"
2025-10-25 14:21:57,81.81,0xff,0x4b,0xff,0xe7,0x1f,0xf5,"ff 4b ff e7 1f f5 00 00"
2025-10-25 14:21:57,81.81,0xff,0x4b,0xff,0xe7,0x1f,0xf5,"ff 4b ff e7 1f f5 00 00"
2025-10-25 14:21:57,81.81,0xff,0x4b,0xff,0xe7,0x1f,0xf5,"ff 4b ff e7 1f f5 00 00"
2025-10-25 14:21:57,81.81,0xff,0x4b,0xff,0xe7,0x1f,0xf5,"ff 4b ff e7 1f f5 00 00"
2025-10-25 14:21:58,81.81,0xff,0x45,0xff,0xe7,0x1f,0xf5,"ff 45 ff e7 1f f5 00 00"
2025-10-25 14:21:58,81.81,0xff,0x45,0xff,0xe7,0x1f,0xf5,"ff 45 ff e7 1f f5 00 00"
2025-10-25 14:21:58,81.81,0xff,0x45,0xff,0xe7,0x1f,0xf5,"ff 45 ff e7 1f f5 00 00"
2025-10-25 14:21:58,81.81,0xff,0x45,0xff,0xe7,0x1f,0xf5,"ff 45 ff e7 1f f5 00 00"
2025-10-25 14:21:58,81.81,0xff,0x45,0xff,0xe7,0x1f,0xf5,"ff 45 ff e7 1f f5 00 00"
2025-10-25 14:21:58,81.81,0xff,0x45,0xff,0xe7,0x1f,0xf5,"ff 45 ff e7 1f f5 00 00"
2025-10-25 14:21:58,81.81,0xff,0x45,0xff,0xe7,0x1f,0xf5,"ff 45 ff e7 1f f5 00 00"
2025-10-25 14:21:58,81.81,0xff,0x45,0xff,0xe7,0x1f,0xf5,"ff 45 ff e7 1f f5 00 00"
2025-10-25 14:21:58,81.81,0xff,0x45,0xff,0xe7,0x1f,0xf5,"ff 45 ff e7 1f f5 00 00"
2025-10-25 14:21:58,81.81,0xff,0x4b,0xff,0xe7,0x1f,0xf5,"ff 4b ff e7 1f f5 00 00"
2025-10-25 14:21:58,81.81,0xff,0x4b,0xff,0xe7,0x1f,0xf5,"ff 4b ff e7 1f f5 00 00"
2025-10-25 14:21:58,81.81,0xff,0x4b,0xff,0xe7,0x1f,0xf5,"ff 4b ff e7 1f f5 00 00"
2025-10-25 14:21:58,81.81,0xff,0x4b,0xff,0xe7,0x1f,0xf5,"ff 4b ff e7 1f f5 00 00"
2025-10-25 14:21:58,81.81,0xff,0x4b,0xff,0xe7,0x1f,0xf5,"ff 4b ff e7 1f f5 00 00"
2025-10-25 14:21:58,81.81,0xff,0x4b,0xff,0xe7,0x1f,0xf5,"ff 4b ff e7 1f f5 00 00"
2025-10-25 14:21:58,81.81,0xff,0x4b,0xff,0xe7,0x1f,0xf5,"ff 4b ff e7 1f f5 00 00"
2025-10-25 14:21:58,81.81,0xff,0x4b,0xff,0xe7,0x1f,0xf5,"ff 4b ff e7 1f f5 00 00"
2025-10-25 14:21:58,81.81,0xff,0x4b,0xff,0xe7,0x1f,0xf5,"ff 4b ff e7 1f f5 00 00"
2025-10-25 14:21:58,81.81,0xff,0x4b,0xff,0xe7,0x1f,0xf5,"ff 4b ff e7 1f f5 00 00"
2025-10-25 14:21:58,81.81,0xff,0x45,0xff,0xe7,0x1f,0xf5,"ff 45 ff e7 1f f5 00 00"
2025-10-25 14:21:58,81.81,0xff,0x45,0xff,0xe7,0x1f,0xf5,"ff 45 ff e7 1f f5 00 00"
2025-10-25 14:21:58,81.81,0xff,0x45,0xff,0xe7,0x1f,0xf5,"ff 45 ff e7 1f f5 00 00"
2025-10-25 14:21:58,81.81,0xff,0x45,0xff,0xe7,0x1f,0xf5,"ff 45 ff e7 1f f5 00 00"
2025-10-25 14:21:58,81.81,0xff,0x4b,0xff,0xe7,0x1f,0xf5,"ff 4b ff e7 1f f5 00 00"
2025-10-25 14:21:58,81.81,0xff,0x4b,0xff,0xe7,0x1f,0xf5,"ff 4b ff e7 1f f5 00 00"
2025-10-25 14:21:58,81.81,0xff,0x4b,0xff,0xe7,0x1f,0xf5,"ff 4b ff e7 1f f5 00 00"
2025-10-25 14:21:58,81.81,0xff,0x4b,0xff,0xe7,0x1f,0xf5,"ff 4b ff e7 1f f5 00 00"
2025-10-25 14:21:58,81.81,0xff,0x4b,0xff,0xe7,0x1f,0xf5,"ff 4b ff e7 1f f5 00 00"
2025-10-25 14:21:58,81.81,0xff,0x4b,0xff,0xe7,0x1f,0xf5,"ff 4b ff e7 1f f5 00 00"
2025-10-25 14:21:58,81.81,0xff,0x4b,0xff,0xe7,0x1f,0xf5,"ff 4b ff e7 1f f5 00 00"
2025-10-25 14:21:58,81.81,0xff,0x4b,0xff,0xe7,0x1f,0xf5,"ff 4b ff e7 1f f5 00 00"
2025-10-25 14:21:58,81.81,0xff,0x4b,0xff,0xe7,0x1f,0xf5,"ff 4b ff e7 1f f5 00 00"
2025-10-25 14:21:58,81.81,0xff,0x4b,0xff,0xe7,0x1f,0xf5,"ff 4b ff e7 1f f5 00 00"
2025-10-25 14:21:58,81.81,0xff,0x4b,0xff,0xe7,0x1f,0xf5,"ff 4b ff e7 1f f5 00 00"
2025-10-25 14:21:58,81.81,0xff,0x4b,0xff,0xe7,0x1f,0xf5,"ff 4b ff e7 1f f5 00 00"
2025-10-25 14:21:58,81.81,0xff,0x4b,0xff,0xe7,0x1f,0xf5,"ff 4b ff e7 1f f5 00 00"
2025-10-25 14:21:58,81.81,0xff,0x4b,0xff,0xe7,0x1f,0xf5,"ff 4b ff e7 1f f5 00 00"
2025-10-25 14:21:58,81.81,0xff,0x4b,0xff,0xe7,0x1f,0xf5,"ff 4b ff e7 1f f5 00 00"
2025-10-25 14:21:58,81.81,0xff,0x4b,0xff,0xe7,0x1f,0xf5,"ff 4b ff e7 1f f5 00 00"
2025-10-25 14:21:58,81.81,0xff,0x4b,0xff,0xe7,0x1f,0xf5,"ff 4b ff e7 1f f5 00 00"
2025-10-25 14:21:58,81.81,0xff,0x4b,0xff,0xe7,0x1f,0xf5,"ff 4b ff e7 1f f5 00 00"
2025-10-25 14:21:58,81.81,0xff,0x4b,0xff,0xe7,0x1f,0xf5,"ff 4b ff e7 1f f5 00 00"
2025-10-25 14:21:58,81.81,0xff,0x4b,0xff,0xe7,0x1f,0xf5,"ff 4b ff e7 1f f5 00 00"
2025-10-25 14:21:58,81.81,0xff,0x4b,0xff,0xe7,0x1f,0xf5,"ff 4b ff e7 1f f5 00 00"
2025-10-25 14:21:58,81.81,0xff,0x4b,0xff,0xe7,0x1f,0xf5,"ff 4b ff e7 1f f5 00 00"
2025-10-25 14:21:58,81.75,0xff,0x4b,0xff,0xe7,0x1f,0xef,"ff 4b ff e7 1f ef 00 00"
2025-10-25 14:21:58,81.75,0xff,0x4b,0xff,0xe7,0x1f,0xef,"ff 4b ff e7 1f ef 00 00"
2025-10-25 14:21:58,81.75,0xff,0x4b,0xff,0xe7,0x1f,0xef,"ff 4b ff e7 1f ef 00 00"
2025-10-25 14:21:58,81.75,0xff,0x4b,0xff,0xe7,0x1f,0xef,"ff 4b ff e7 1f ef 00 00"
2025-10-25 14:21:58,81.75,0xff,0x4b,0xff,0xe7,0x1f,0xef,"ff 4b ff e7 1f ef 00 00"
2025-10-25 14:21:58,81.75,0xff,0x4b,0xff,0xe7,0x1f,0xef,"ff 4b ff e7 1f ef 00 00"
2025-10-25 14:21:58,81.75,0xff,0x4b,0xff,0xe7,0x1f,0xef,"ff 4b ff e7 1f ef 00 00"
2025-10-25 14:21:58,81.75,0xff,0x4b,0xff,0xe7,0x1f,0xef,"ff 4b ff e7 1f ef 00 00"
2025-10-25 14:21:59,81.75,0xff,0x4b,0xff,0xe7,0x1f,0xef,"ff 4b ff e7 1f ef 00 00"
2025-10-25 14:21:59,81.75,0xff,0x4b,0xff,0xe7,0x1f,0xef,"ff 4b ff e7 1f ef 00 00"
2025-10-25 14:21:59,81.75,0xff,0x4b,0xff,0xe7,0x1f,0xef,"ff 4b ff e7 1f ef 00 00"
2025-10-25 14:21:59,81.75,0xff,0x4b,0xff,0xe7,0x1f,0xef,"ff 4b ff e7 1f ef 00 00"
2025-10-25 14:21:59,81.75,0xff,0x4b,0xff,0xe7,0x1f,0xef,"ff 4b ff e7 1f ef 00 00"
2025-10-25 14:21:59,81.75,0xff,0x4b,0xff,0xe7,0x1f,0xef,"ff 4b ff e7 1f ef 00 00"
2025-10-25 14:21:59,81.75,0xff,0x4b,0xff,0xe7,0x1f,0xef,"ff 4b ff e7 1f ef 00 00"
2025-10-25 14:21:59,81.75,0xff,0x4b,0xff,0xe7,0x1f,0xef,"ff 4b ff e7 1f ef 00 00"
2025-10-25 14:21:59,81.75,0xff,0x4b,0xff,0xe7,0x1f,0xef,"ff 4b ff e7 1f ef 00 00"
2025-10-25 14:21:59,81.75,0xff,0x4b,0xff,0xe7,0x1f,0xef,"ff 4b ff e7 1f ef 00 00"
2025-10-25 14:21:59,81.75,0xff,0x4b,0xff,0xe7,0x1f,0xef,"ff 4b ff e7 1f ef 00 00"
2025-10-25 14:21:59,81.75,0xff,0x4b,0xff,0xe7,0x1f,0xef,"ff 4b ff e7 1f ef 00 00"
2025-10-25 14:21:59,81.75,0xff,0x4b,0xff,0xe7,0x1f,0xef,"ff 4b ff e7 1f ef 00 00"
2025-10-25 14:21:59,81.75,0xff,0x4b,0xff,0xe7,0x1f,0xef,"ff 4b ff e7 1f ef 00 00"
2025-10-25 14:21:59,81.75,0xff,0x4b,0xff,0xe7,0x1f,0xef,"ff 4b ff e7 1f ef 00 00"
2025-10-25 14:21:59,81.75,0xff,0x4b,0xff,0xe7,0x1f,0xef,"ff 4b ff e7 1f ef 00 00"
2025-10-25 14:21:59,81.75,0xff,0x4b,0xff,0xe7,0x1f,0xef,"ff 4b ff e7 1f ef 00 00"
2025-10-25 14:21:59,81.75,0xff,0x4b,0xff,0xe7,0x1f,0xef,"ff 4b ff e7 1f ef 00 00"
2025-10-25 14:21:59,81.75,0xff,0x4b,0xff,0xe7,0x1f,0xef,"ff 4b ff e7 1f ef 00 00"
2025-10-25 14:21:59,81.75,0xff,0x4b,0xff,0xe7,0x1f,0xef,"ff 4b ff e7 1f ef 00 00"
2025-10-25 14:21:59,81.75,0xff,0x4b,0xff,0xe7,0x1f,0xef,"ff 4b ff e7 1f ef 00 00"
2025-10-25 14:21:59,81.75,0xff,0x4b,0xff,0xe7,0x1f,0xef,"ff 4b ff e7 1f ef 00 00"
2025-10-25 14:21:59,81.75,0xff,0x4b,0xff,0xe7,0x1f,0xef,"ff 4b ff e7 1f ef 00 00"
2025-10-25 14:21:59,81.75,0xff,0x4b,0xff,0xe7,0x1f,0xef,"ff 4b ff e7 1f ef 00 00"
2025-10-25 14:21:59,81.75,0xff,0x4b,0xff,0xe7,0x1f,0xef,"ff 4b ff e7 1f ef 00 00"
2025-10-25 14:21:59,81.75,0xff,0x4b,0xff,0xe7,0x1f,0xef,"ff 4b ff e7 1f ef 00 00"
2025-10-25 14:21:59,81.75,0xff,0x4b,0xff,0xe7,0x1f,0xef,"ff 4b ff e7 1f ef 00 00"
2025-10-25 14:21:59,81.75,0xff,0x4b,0xff,0xe7,0x1f,0xef,"ff 4b ff e7 1f ef 00 00"
2025-10-25 14:21:59,81.75,0xff,0x4b,0xff,0xe7,0x1f,0xef,"ff 4b ff e7 1f ef 00 00"
2025-10-25 14:21:59,81.75,0xff,0x4b,0xff,0xe7,0x1f,0xef,"ff 4b ff e7 1f ef 00 00"
2025-10-25 14:21:59,81.75,0xff,0x4b,0xff,0xe7,0x1f,0xef,"ff 4b ff e7 1f ef 00 00"
2025-10-25 14:21:59,81.75,0xff,0x4b,0xff,0xe7,0x1f,0xef,"ff 4b ff e7 1f ef 00 00"
2025-10-25 14:21:59,81.75,0xff,0x4b,0xff,0xe7,0x1f,0xef,"ff 4b ff e7 1f ef 00 00"
2025-10-25 14:21:59,81.75,0xff,0x4b,0xff,0xe7,0x1f,0xef,"ff 4b ff e7 1f ef 00 00"
2025-10-25 14:21:59,81.75,0xff,0x4b,0xff,0xe7,0x1f,0xef,"ff 4b ff e7 1f ef 00 00"
2025-10-25 14:21:59,81.75,0xff,0x4b,0xff,0xe7,0x1f,0xef,"ff 4b ff e7 1f ef 00 00"
2025-10-25 14:21:59,81.75,0xff,0x4b,0xff,0xe7,0x1f,0xef,"ff 4b ff e7 1f ef 00 00"
2025-10-25 14:21:59,81.75,0xff,0x4b,0xff,0xe7,0x1f,0xef,"ff 4b ff e7 1f ef 00 00"
2025-10-25 14:21:59,81.75,0xff,0x4b,0xff,0xe7,0x1f,0xef,"ff 4b ff e7 1f ef 00 00"
2025-10-25 14:21:59,81.75,0xff,0x4b,0xff,0xe7,0x1f,0xef,"ff 4b ff e7 1f ef 00 00"
2025-10-25 14:21:59,81.75,0xff,0x4b,0xff,0xe7,0x1f,0xef,"ff 4b ff e7 1f ef 00 00"
2025-10-25 14:21:59,81.75,0xff,0x4b,0xff,0xe7,0x1f,0xef,"ff 4b ff e7 1f ef 00 00"
2025-10-25 14:21:59,81.75,0xff,0x4b,0xff,0xe7,0x1f,0xef,"ff 4b ff e7 1f ef 00 00"
2025-10-25 14:21:59,81.75,0xff,0x4b,0xff,0xe7,0x1f,0xef,"ff 4b ff e7 1f ef 00 00"
2025-10-25 14:21:59,81.75,0xff,0x4b,0xff,0xe7,0x1f,0xef,"ff 4b ff e7 1f ef 00 00"
2025-10-25 14:21:59,81.75,0xff,0x4b,0xff,0xe7,0x1f,0xef,"ff 4b ff e7 1f ef 00 00"
2025-10-25 14:21:59,81.75,0xff,0x4b,0xff,0xe7,0x1f,0xef,"ff 4b ff e7 1f ef 00 00"
2025-10-25 14:21:59,81.75,0xff,0x4b,0xff,0xe7,0x1f,0xef,"ff 4b ff e7 1f ef 00 00"
2025-10-25 14:21:59,81.75,0xff,0x4b,0xff,0xe7,0x1f,0xef,"ff 4b ff e7 1f ef 00 00"
2025-10-25 14:21:59,81.75,0xff,0x4b,0xff,0xe7,0x1f,0xef,"ff 4b ff e7 1f ef 00 00"
2025-10-25 14:21:59,81.75,0xff,0x4b,0xff,0xe7,0x1f,0xef,"ff 4b ff e7 1f ef 00 00"
2025-10-25 14:21:59,81.75,0xff,0x4b,0xff,0xe7,0x1f,0xef,"ff 4b ff e7 1f ef 00 00"
2025-10-25 14:21:59,81.75,0xff,0x4b,0xff,0xe7,0x1f,0xef,"ff 4b ff e7 1f ef 00 00"
2025-10-25 14:21:59,81.75,0xff,0x4b,0xff,0xe7,0x1f,0xef,"ff 4b ff e7 1f ef 00 00"
2025-10-25 14:22:00,81.75,0xff,0x4b,0xff,0xe7,0x1f,0xef,"ff 4b ff e7 1f ef 00 00"
2025-10-25 14:22:00,81.75,0xff,0x4b,0xff,0xe7,0x1f,0xef,"ff 4b ff e7 1f ef 00 00"
2025-10-25 14:22:00,81.75,0xff,0x4b,0xff,0xe7,0x1f,0xef,"ff 4b ff e7 1f ef 00 00"
2025-10-25 14:22:00,81.75,0xff,0x4b,0xff,0xe7,0x1f,0xef,"ff 4b ff e7 1f ef 00 00"
2025-10-25 14:22:00,81.75,0xff,0x4b,0xff,0xe7,0x1f,0xef,"ff 4b ff e7 1f ef 00 00"
2025-10-25 14:22:00,81.75,0xff,0x4b,0xff,0xe7,0x1f,0xef,"ff 4b ff e7 1f ef 00 00"
2025-10-25 14:22:00,81.75,0xff,0x4b,0xff,0xe7,0x1f,0xef,"ff 4b ff e7 1f ef 00 00"
2025-10-25 14:22:00,81.75,0xff,0x4b,0xff,0xe7,0x1f,0xef,"ff 4b ff e7 1f ef 00 00"
2025-10-25 14:22:00,81.75,0xff,0x4b,0xff,0xe7,0x1f,0xef,"ff 4b ff e7 1f ef 00 00"
2025-10-25 14:22:00,81.75,0xff,0x4b,0xff,0xe7,0x1f,0xef,"ff 4b ff e7 1f ef 00 00"
2025-10-25 14:22:00,81.75,0xff,0x4b,0xff,0xe7,0x1f,0xef,"ff 4b ff e7 1f ef 00 00"
2025-10-25 14:22:00,81.75,0xff,0x4b,0xff,0xe7,0x1f,0xef,"ff 4b ff e7 1f ef 00 00"
2025-10-25 14:22:00,81.75,0xff,0x4b,0xff,0xe7,0x1f,0xef,"ff 4b ff e7 1f ef 00 00"
2025-10-25 14:22:00,81.75,0xff,0x4b,0xff,0xe7,0x1f,0xef,"ff 4b ff e7 1f ef 00 00"
2025-10-25 14:22:00,81.75,0xff,0x4b,0xff,0xe7,0x1f,0xef,"ff 4b ff e7 1f ef 00 00"
2025-10-25 14:22:00,81.75,0xff,0x4b,0xff,0xe7,0x1f,0xef,"ff 4b ff e7 1f ef 00 00"
2025-10-25 14:22:00,81.75,0xff,0x4b,0xff,0xe7,0x1f,0xef,"ff 4b ff e7 1f ef 00 00"
2025-10-25 14:22:00,81.75,0xff,0x4b,0xff,0xe7,0x1f,0xef,"ff 4b ff e7 1f ef 00 00"
2025-10-25 14:22:00,81.75,0xff,0x4b,0xff,0xe7,0x1f,0xef,"ff 4b ff e7 1f ef 00 00"
2025-10-25 14:22:00,81.75,0xff,0x4b,0xff,0xe7,0x1f,0xef,"ff 4b ff e7 1f ef 00 00"
2025-10-25 14:22:00,81.75,0xff,0x4b,0xff,0xe7,0x1f,0xef,"ff 4b ff e7 1f ef 00 00"
2025-10-25 14:22:00,81.75,0xff,0x4b,0xff,0xe7,0x1f,0xef,"ff 4b ff e7 1f ef 00 00"
2025-10-25 14:22:00,81.68,0xff,0x51,0xff,0xe7,0x1f,0xe8,"ff 51 ff e7 1f e8 00 00"
2025-10-25 14:22:00,81.68,0xff,0x51,0xff,0xe7,0x1f,0xe8,"ff 51 ff e7 1f e8 00 00"
2025-10-25 14:22:00,81.62,0xff,0x51,0xff,0xe7,0x1f,0xe2,"ff 51 ff e7 1f e2 00 00"
2025-10-25 14:22:00,81.56,0xff,0x51,0xff,0xe7,0x1f,0xdc,"ff 51 ff e7 1f dc 00 00"
2025-10-25 14:22:00,81.5,0xff,0x51,0xff,0xe7,0x1f,0xd6,"ff 51 ff e7 1f d6 00 00"
2025-10-25 14:22:00,81.43,0xff,0x4b,0xff,0xee,0x1f,0xcf,"ff 4b ff ee 1f cf 00 00"
2025-10-25 14:22:00,81.25,0xff,0x45,0xff,0xee,0x1f,0xbd,"ff 45 ff ee 1f bd 00 00"
2025-10-25 14:22:00,81.18,0xff,0x45,0xff,0xf4,0x1f,0xb6,"ff 45 ff f4 1f b6 00 00"
2025-10-25 14:22:00,81.12,0xff,0x45,0xff,0xf4,0x1f,0xb0,"ff 45 ff f4 1f b0 00 00"
2025-10-25 14:22:00,81,0xff,0x45,0xff,0xfa,0x1f,0xa4,"ff 45 ff fa 1f a4 00 00"
2025-10-25 14:22:00,80.87,0xff,0x4b,0x00,0x00,0x1f,0x97,"ff 4b 00 00 1f 97 00 00"
2025-10-25 14:22:00,80.75,0xff,0x4b,0x00,0x00,0x1f,0x8b,"ff 4b 00 00 1f 8b 00 00"
2025-10-25 14:22:00,80.68,0xff,0x4b,0x00,0x00,0x1f,0x84,"ff 4b 00 00 1f 84 00 00"
2025-10-25 14:22:00,80.56,0xff,0x4b,0x00,0x00,0x1f,0x78,"ff 4b 00 00 1f 78 00 00"
2025-10-25 14:22:00,80.43,0xff,0x4b,0x00,0x00,0x1f,0x6b,"ff 4b 00 00 1f 6b 00 00"
2025-10-25 14:22:00,80.31,0xff,0x51,0x00,0x00,0x1f,0x5f,"ff 51 00 00 1f 5f 00 00"
2025-10-25 14:22:00,80.12,0xff,0x51,0x00,0x00,0x1f,0x4c,"ff 51 00 00 1f 4c 00 00"
2025-10-25 14:22:00,79.93,0xff,0x51,0x00,0x00,0x1f,0x39,"ff 51 00 00 1f 39 00 00"
2025-10-25 14:22:00,79.87,0xff,0x51,0x00,0x00,0x1f,0x33,"ff 51 00 00 1f 33 00 00"
2025-10-25 14:22:00,79.68,0xff,0x51,0x00,0x00,0x1f,0x20,"ff 51 00 00 1f 20 00 00"
2025-10-25 14:22:00,79.5,0xff,0x51,0x00,0x00,0x1f,0x0e,"ff 51 00 00 1f 0e 00 00"
2025-10-25 14:22:00,79.31,0xff,0x51,0x00,0x06,0x1e,0xfb,"ff 51 00 06 1e fb 00 00"
2025-10-25 14:22:00,79.18,0xff,0x51,0x00,0x06,0x1e,0xee,"ff 51 00 06 1e ee 00 00"
2025-10-25 14:22:00,79,0xff,0x51,0x00,0x06,0x1e,0xdc,"ff 51 00 06 1e dc 00 00"
2025-10-25 14:22:00,78.81,0xff,0x51,0x00,0x06,0x1e,0xc9,"ff 51 00 06 1e c9 00 00"
2025-10-25 14:22:00,78.62,0xff,0x51,0x00,0x06,0x1e,0xb6,"ff 51 00 06 1e b6 00 00"
2025-10-25 14:22:00,78.5,0xff,0x51,0x00,0x06,0x1e,0xaa,"ff 51 00 06 1e aa 00 00"
2025-10-25 14:22:00,78.31,0xff,0x51,0x00,0x06,0x1e,0x97,"ff 51 00 06 1e 97 00 00"
2025-10-25 14:22:00,78.25,0xff,0x51,0x00,0x06,0x1e,0x91,"ff 51 00 06 1e 91 00 00"
2025-10-25 14:22:00,78,0xff,0x51,0x00,0x06,0x1e,0x78,"ff 51 00 06 1e 78 00 00"
2025-10-25 14:22:00,77.87,0xff,0x51,0x00,0x06,0x1e,0x6b,"ff 51 00 06 1e 6b 00 00"
2025-10-25 14:22:01,77.81,0xff,0x4b,0x00,0x00,0x1e,0x65,"ff 4b 00 00 1e 65 00 00"
2025-10-25 14:22:01,77.75,0xff,0x45,0x00,0x00,0x1e,0x5f,"ff 45 00 00 1e 5f 00 00"
2025-10-25 14:22:01,77.62,0xff,0x45,0xff,0xfa,0x1e,0x52,"ff 45 ff fa 1e 52 00 00"
2025-10-25 14:22:01,77.56,0xff,0x45,0xff,0xfa,0x1e,0x4c,"ff 45 ff fa 1e 4c 00 00"
2025-10-25 14:22:01,77.43,0xff,0x45,0xff,0xfa,0x1e,0x3f,"ff 45 ff fa 1e 3f 00 00"
2025-10-25 14:22:01,77.37,0xff,0x45,0xff,0xfa,0x1e,0x39,"ff 45 ff fa 1e 39 00 00"
2025-10-25 14:22:01,77.31,0xff,0x45,0xff,0xfa,0x1e,0x33,"ff 45 ff fa 1e 33 00 00"
2025-10-25 14:22:01,77.25,0xff,0x45,0xff,0xfa,0x1e,0x2d,"ff 45 ff fa 1e 2d 00 00"
2025-10-25 14:22:01,77.12,0xff,0x45,0xff,0xfa,0x1e,0x20,"ff 45 ff fa 1e 20 00 00"
2025-10-25 14:22:01,77.06,0xff,0x4b,0xff,0xfa,0x1e,0x1a,"ff 4b ff fa 1e 1a 00 00"
2025-10-25 14:22:01,77,0xff,0x4b,0xff,0xfa,0x1e,0x14,"ff 4b ff fa 1e 14 00 00"
2025-10-25 14:22:01,76.9,0xff,0x4b,0xff,0xfa,0x1e,0x0a,"ff 4b ff fa 1e 0a 00 00"
2025-10-25 14:22:01,76.87,0xff,0x4b,0xff,0xfa,0x1e,0x07,"ff 4b ff fa 1e 07 00 00"
2025-10-25 14:22:01,76.81,0xff,0x4b,0xff,0xfa,0x1e,0x01,"ff 4b ff fa 1e 01 00 00"
2025-10-25 14:22:01,76.75,0xff,0x45,0xff,0xfa,0x1d,0xfb,"ff 45 ff fa 1d fb 00 00"
2025-10-25 14:22:01,76.68,0xff,0x45,0x00,0x00,0x1d,0xf4,"ff 45 00 00 1d f4 00 00"
2025-10-25 14:22:01,76.56,0xff,0x45,0x00,0x00,0x1d,0xe8,"ff 45 00 00 1d e8 00 00"
2025-10-25 14:22:01,76.5,0xff,0x45,0x00,0x00,0x1d,0xe2,"ff 45 00 00 1d e2 00 00"
2025-10-25 14:22:01,76.43,0xff,0x45,0x00,0x00,0x1d,0xdb,"ff 45 00 00 1d db 00 00"
2025-10-25 14:22:01,76.31,0xff,0x45,0x00,0x00,0x1d,0xcf,"ff 45 00 00 1d cf 00 00"
2025-10-25 14:22:01,76.12,0xff,0x4b,0x00,0x00,0x1d,0xbc,"ff 4b 00 00 1d bc 00 00"
2025-10-25 14:22:01,76,0xff,0x4b,0x00,0x00,0x1d,0xb0,"ff 4b 00 00 1d b0 00 00"
2025-10-25 14:22:01,75.87,0xff,0x4b,0x00,0x00,0x1d,0xa3,"ff 4b 00 00 1d a3 00 00"
2025-10-25 14:22:01,75.75,0xff,0x4b,0x00,0x00,0x1d,0x97,"ff 4b 00 00 1d 97 00 00"
2025-10-25 14:22:01,75.68,0xff,0x4b,0x00,0x00,0x1d,0x90,"ff 4b 00 00 1d 90 00 00"
2025-10-25 14:22:01,75.5,0xff,0x4b,0x00,0x00,0x1d,0x7e,"ff 4b 00 00 1d 7e 00 00"
2025-10-25 14:22:01,75.37,0xff,0x4b,0x00,0x00,0x1d,0x71,"ff 4b 00 00 1d 71 00 00"
2025-10-25 14:22:01,75.18,0xff,0x4b,0x00,0x00,0x1d,0x5e,"ff 4b 00 00 1d 5e 00 00"
2025-10-25 14:22:01,75,0xff,0x4b,0x00,0x06,0x1d,0x4c,"ff 4b 00 06 1d 4c 00 00"
2025-10-25 14:22:01,74.93,0xff,0x4b,0x00,0x06,0x1d,0x45,"ff 4b 00 06 1d 45 00 00"
2025-10-25 14:22:01,74.75,0xff,0x4b,0x00,0x06,0x1d,0x33,"ff 4b 00 06 1d 33 00 00"
2025-10-25 14:22:01,74.56,0xff,0x4b,0x00,0x06,0x1d,0x20,"ff 4b 00 06 1d 20 00 00"
2025-10-25 14:22:01,74.34,0xff,0x4b,0x00,0x06,0x1d,0x0a,"ff 4b 00 06 1d 0a 00 00"
2025-10-25 14:22:01,74.18,0xff,0x4b,0x00,0x06,0x1c,0xfa,"ff 4b 00 06 1c fa 00 00"
2025-10-25 14:22:01,74.06,0xff,0x4b,0x00,0x06,0x1c,0xee,"ff 4b 00 06 1c ee 00 00"
2025-10-25 14:22:01,73.87,0xff,0x4b,0x00,0x06,0x1c,0xdb,"ff 4b 00 06 1c db 00 00"
2025-10-25 14:22:01,73.62,0xff,0x4b,0x00,0x06,0x1c,0xc2,"ff 4b 00 06 1c c2 00 00"
2025-10-25 14:22:01,73.43,0xff,0x4b,0x00,0x06,0x1c,0xaf,"ff 4b 00 06 1c af 00 00"
2025-10-25 14:22:01,73.25,0xff,0x4b,0x00,0x06,0x1c,0x9d,"ff 4b 00 06 1c 9d 00 00"
2025-10-25 14:22:01,73.12,0xff,0x4b,0x00,0x06,0x1c,0x90,"ff 4b 00 06 1c 90 00 00"
2025-10-25 14:22:01,72.93,0xff,0x4b,0x00,0x0c,0x1c,0x7d,"ff 4b 00 0c 1c 7d 00 00"
2025-10-25 14:22:01,72.68,0xff,0x4b,0x00,0x0c,0x1c,0x64,"ff 4b 00 0c 1c 64 00 00"
2025-10-25 14:22:01,72.5,0xff,0x4b,0x00,0x0c,0x1c,0x52,"ff 4b 00 0c 1c 52 00 00"
2025-10-25 14:22:01,72.25,0xff,0x4b,0x00,0x0c,0x1c,0x39,"ff 4b 00 0c 1c 39 00 00"
2025-10-25 14:22:01,72.06,0xff,0x4b,0x00,0x0c,0x1c,0x26,"ff 4b 00 0c 1c 26 00 00"
2025-10-25 14:22:01,71.78,0xff,0x4b,0x00,0x0c,0x1c,0x0a,"ff 4b 00 0c 1c 0a 00 00"
2025-10-25 14:22:01,71.62,0xff,0x4b,0x00,0x0c,0x1b,0xfa,"ff 4b 00 0c 1b fa 00 00"
2025-10-25 14:22:01,71.43,0xff,0x4b,0x00,0x0c,0x1b,0xe7,"ff 4b 00 0c 1b e7 00 00"
2025-10-25 14:22:01,71.31,0xff,0x4b,0x00,0x0c,0x1b,0xdb,"ff 4b 00 0c 1b db 00 00"
2025-10-25 14:22:01,71.06,0xff,0x4b,0x00,0x0c,0x1b,0xc2,"ff 4b 00 0c 1b c2 00 00"
2025-10-25 14:22:01,70.87,0xff,0x4b,0x00,0x0c,0x1b,0xaf,"ff 4b 00 0c 1b af 00 00"
2025-10-25 14:22:01,70.68,0xff,0x4b,0x00,0x0c,0x1b,0x9c,"ff 4b 00 0c 1b 9c 00 00"
2025-10-25 14:22:01,70.43,0xff,0x4b,0x00,0x0c,0x1b,0x83,"ff 4b 00 0c 1b 83 00 00"
2025-10-25 14:22:01,70.31,0xff,0x4b,0x00,0x0c,0x1b,0x77,"ff 4b 00 0c 1b 77 00 00"
2025-10-25 14:22:02,70.12,0xff,0x4b,0x00,0x0c,0x1b,0x64,"ff 4b 00 0c 1b 64 00 00"
2025-10-25 14:22:02,69.93,0xff,0x4b,0x00,0x12,0x1b,0x51,"ff 4b 00 12 1b 51 00 00"
2025-10-25 14:22:02,69.68,0xff,0x4b,0x00,0x12,0x1b,0x38,"ff 4b 00 12 1b 38 00 00"
2025-10-25 14:22:02,69.5,0xff,0x4b,0x00,0x12,0x1b,0x26,"ff 4b 00 12 1b 26 00 00"
2025-10-25 14:22:02,69.37,0xff,0x4b,0x00,0x12,0x1b,0x19,"ff 4b 00 12 1b 19 00 00"
2025-10-25 14:22:02,69.18,0xff,0x4b,0x00,0x12,0x1b,0x06,"ff 4b 00 12 1b 06 00 00"
2025-10-25 14:22:02,69,0xff,0x4b,0x00,0x12,0x1a,0xf4,"ff 4b 00 12 1a f4 00 00"
2025-10-25 14:22:02,68.81,0xff,0x4b,0x00,0x12,0x1a,0xe1,"ff 4b 00 12 1a e1 00 00"
2025-10-25 14:22:02,68.62,0xff,0x4b,0x00,0x12,0x1a,0xce,"ff 4b 00 12 1a ce 00 00"
2025-10-25 14:22:02,68.43,0xff,0x4b,0x00,0x12,0x1a,0xbb,"ff 4b 00 12 1a bb 00 00"
2025-10-25 14:22:02,68.25,0xff,0x4b,0x00,0x12,0x1a,0xa9,"ff 4b 00 12 1a a9 00 00"
2025-10-25 14:22:02,68.12,0xff,0x4b,0x00,0x12,0x1a,0x9c,"ff 4b 00 12 1a 9c 00 00"
2025-10-25 14:22:02,67.81,0xff,0x4b,0x00,0x12,0x1a,0x7d,"ff 4b 00 12 1a 7d 00 00"
2025-10-25 14:22:02,67.62,0xff,0x51,0x00,0x12,0x1a,0x6a,"ff 51 00 12 1a 6a 00 00"
2025-10-25 14:22:02,67.43,0xff,0x51,0x00,0x12,0x1a,0x57,"ff 51 00 12 1a 57 00 00"
2025-10-25 14:22:02,67.31,0xff,0x51,0x00,0x19,0x1a,0x4b,"ff 51 00 19 1a 4b 00 00"
2025-10-25 14:22:02,67.12,0xff,0x51,0x00,0x19,0x1a,0x38,"ff 51 00 19 1a 38 00 00"
2025-10-25 14:22:02,66.93,0xff,0x51,0x00,0x19,0x1a,0x25,"ff 51 00 19 1a 25 00 00"
2025-10-25 14:22:02,66.75,0xff,0x4b,0x00,0x19,0x1a,0x13,"ff 4b 00 19 1a 13 00 00"
2025-10-25 14:22:02,66.56,0xff,0x4b,0x00,0x19,0x1a,0x00,"ff 4b 00 19 1a 00 00 00"
2025-10-25 14:22:02,66.43,0xff,0x4b,0x00,0x19,0x19,0xf3,"ff 4b 00 19 19 f3 00 00"
2025-10-25 14:22:02,66.25,0xff,0x4b,0x00,0x19,0x19,0xe1,"ff 4b 00 19 19 e1 00 00"
2025-10-25 14:22:02,66,0xff,0x51,0x00,0x19,0x19,0xc8,"ff 51 00 19 19 c8 00 00"
2025-10-25 14:22:02,65.81,0xff,0x51,0x00,0x19,0x19,0xb5,"ff 51 00 19 19 b5 00 00"
2025-10-25 14:22:02,65.62,0xff,0x51,0x00,0x19,0x19,0xa2,"ff 51 00 19 19 a2 00 00"
2025-10-25 14:22:02,65.43,0xff,0x51,0x00,0x19,0x19,0x8f,"ff 51 00 19 19 8f 00 00"
2025-10-25 14:22:02,65.25,0xff,0x51,0x00,0x19,0x19,0x7d,"ff 51 00 19 19 7d 00 00"
2025-10-25 14:22:02,65.12,0xff,0x51,0x00,0x19,0x19,0x70,"ff 51 00 19 19 70 00 00"
2025-10-25 14:22:02,64.93,0xff,0x51,0x00,0x19,0x19,0x5d,"ff 51 00 19 19 5d 00 00"
2025-10-25 14:22:02,64.75,0xff,0x51,0x00,0x19,0x19,0x4b,"ff 51 00 19 19 4b 00 00"
2025-10-25 14:22:02,64.56,0xff,0x51,0x00,0x19,0x19,0x38,"ff 51 00 19 19 38 00 00"
2025-10-25 14:22:02,64.37,0xff,0x51,0x00,0x1f,0x19,0x25,"ff 51 00 1f 19 25 00 00"
2025-10-25 14:22:02,64.25,0xff,0x51,0x00,0x1f,0x19,0x19,"ff 51 00 1f 19 19 00 00"
2025-10-25 14:22:02,64.06,0xff,0x51,0x00,0x19,0x19,0x06,"ff 51 00 19 19 06 00 00"
2025-10-25 14:22:02,63.75,0xff,0x51,0x00,0x19,0x18,0xe7,"ff 51 00 19 18 e7 00 00"
2025-10-25 14:22:02,63.56,0xff,0x51,0x00,0x19,0x18,0xd4,"ff 51 00 19 18 d4 00 00"
2025-10-25 14:22:02,63.5,0xff,0x51,0x00,0x19,0x18,0xce,"ff 51 00 19 18 ce 00 00"
2025-10-25 14:22:02,63.31,0xff,0x51,0x00,0x19,0x18,0xbb,"ff 51 00 19 18 bb 00 00"
2025-10-25 14:22:02,63.12,0xff,0x58,0x00,0x19,0x18,0xa8,"ff 58 00 19 18 a8 00 00"
2025-10-25 14:22:02,62.93,0xff,0x58,0x00,0x19,0x18,0x95,"ff 58 00 19 18 95 00 00"
2025-10-25 14:22:02,62.75,0xff,0x58,0x00,0x19,0x18,0x83,"ff 58 00 19 18 83 00 00"
2025-10-25 14:22:02,62.62,0xff,0x58,0x00,0x19,0x18,0x76,"ff 58 00 19 18 76 00 00"
2025-10-25 14:22:02,62.43,0xff,0x58,0x00,0x19,0x18,0x63,"ff 58 00 19 18 63 00 00"
2025-10-25 14:22:02,62.31,0xff,0x51,0x00,0x19,0x18,0x57,"ff 51 00 19 18 57 00 00"
2025-10-25 14:22:02,62.12,0xff,0x51,0x00,0x19,0x18,0x44,"ff 51 00 19 18 44 00 00"
2025-10-25 14:22:02,61.75,0xff,0x58,0x00,0x19,0x18,0x1f,"ff 58 00 19 18 1f 00 00"
2025-10-25 14:22:02,61.62,0xff,0x58,0x00,0x19,0x18,0x12,"ff 58 00 19 18 12 00 00"
2025-10-25 14:22:02,61.5,0xff,0x58,0x00,0x19,0x18,0x06,"ff 58 00 19 18 06 00 00"
2025-10-25 14:22:02,61.37,0xff,0x58,0x00,0x19,0x17,0xf9,"ff 58 00 19 17 f9 00 00"
2025-10-25 14:22:02,61.18,0xff,0x58,0x00,0x19,0x17,0xe6,"ff 58 00 19 17 e6 00 00"
2025-10-25 14:22:02,61,0xff,0x58,0x00,0x19,0x17,0xd4,"ff 58 00 19 17 d4 00 00"
2025-10-25 14:22:02,60.81,0xff,0x58,0x00,0x1f,0x17,0xc1,"ff 58 00 1f 17 c1 00 00"
2025-10-25 14:22:02,60.75,0xff,0x58,0x00,0x1f,0x17,0xbb,"ff 58 00 1f 17 bb 00 00"
2025-10-25 14:22:02,60.56,0xff,0x58,0x00,0x1f,0x17,0xa8,"ff 58 00 1f 17 a8 00 00"
2025-10-25 14:22:03,60.37,0xff,0x58,0x00,0x1f,0x17,0x95,"ff 58 00 1f 17 95 00 00"
2025-10-25 14:22:03,60.25,0xff,0x58,0x00,0x1f,0x17,0x89,"ff 58 00 1f 17 89 00 00"
2025-10-25 14:22:03,60.06,0xff,0x58,0x00,0x1f,0x17,0x76,"ff 58 00 1f 17 76 00 00"
2025-10-25 14:22:03,59.87,0xff,0x58,0x00,0x1f,0x17,0x63,"ff 58 00 1f 17 63 00 00"
2025-10-25 14:22:03,59.62,0xff,0x58,0x00,0x1f,0x17,0x4a,"ff 58 00 1f 17 4a 00 00"
2025-10-25 14:22:03,59.56,0xff,0x58,0x00,0x1f,0x17,0x44,"ff 58 00 1f 17 44 00 00"
2025-10-25 14:22:03,59.37,0xff,0x58,0x00,0x1f,0x17,0x31,"ff 58 00 1f 17 31 00 00"
2025-10-25 14:22:03,59.18,0xff,0x58,0x00,0x1f,0x17,0x1e,"ff 58 00 1f 17 1e 00 00"
2025-10-25 14:22:03,59,0xff,0x58,0x00,0x1f,0x17,0x0c,"ff 58 00 1f 17 0c 00 00"
2025-10-25 14:22:03,58.93,0xff,0x58,0x00,0x1f,0x17,0x05,"ff 58 00 1f 17 05 00 00"
2025-10-25 14:22:03,58.75,0xff,0x58,0x00,0x1f,0x16,0xf3,"ff 58 00 1f 16 f3 00 00"
2025-10-25 14:22:03,58.56,0xff,0x58,0x00,0x1f,0x16,0xe0,"ff 58 00 1f 16 e0 00 00"
2025-10-25 14:22:03,58.37,0xff,0x58,0x00,0x1f,0x16,0xcd,"ff 58 00 1f 16 cd 00 00"
2025-10-25 14:22:03,58.18,0xff,0x58,0x00,0x1f,0x16,0xba,"ff 58 00 1f 16 ba 00 00"
2025-10-25 14:22:03,58,0xff,0x58,0x00,0x25,0x16,0xa8,"ff 58 00 25 16 a8 00 00"
2025-10-25 14:22:03,57.93,0xff,0x58,0x00,0x25,0x16,0xa1,"ff 58 00 25 16 a1 00 00"
2025-10-25 14:22:03,57.75,0xff,0x58,0x00,0x25,0x16,0x8f,"ff 58 00 25 16 8f 00 00"
2025-10-25 14:22:03,57.56,0xff,0x58,0x00,0x25,0x16,0x7c,"ff 58 00 25 16 7c 00 00"
2025-10-25 14:22:03,57.37,0xff,0x58,0x00,0x25,0x16,0x69,"ff 58 00 25 16 69 00 00"
2025-10-25 14:22:03,57.18,0xff,0x58,0x00,0x25,0x16,0x56,"ff 58 00 25 16 56 00 00"
2025-10-25 14:22:03,57.12,0xff,0x58,0x00,0x25,0x16,0x50,"ff 58 00 25 16 50 00 00"
2025-10-25 14:22:03,56.93,0xff,0x58,0x00,0x25,0x16,0x3d,"ff 58 00 25 16 3d 00 00"
2025-10-25 14:22:03,56.75,0xff,0x58,0x00,0x25,0x16,0x2b,"ff 58 00 25 16 2b 00 00"
2025-10-25 14:22:03,56.56,0xff,0x58,0x00,0x25,0x16,0x18,"ff 58 00 25 16 18 00 00"
2025-10-25 14:22:03,56.25,0xff,0x58,0x00,0x25,0x15,0xf9,"ff 58 00 25 15 f9 00 00"
2025-10-25 14:22:03,56.06,0xff,0x58,0x00,0x25,0x15,0xe6,"ff 58 00 25 15 e6 00 00"
2025-10-25 14:22:03,56,0xff,0x58,0x00,0x2b,0x15,0xe0,"ff 58 00 2b 15 e0 00 00"
2025-10-25 14:22:03,55.81,0xff,0x58,0x00,0x2b,0x15,0xcd,"ff 58 00 2b 15 cd 00 00"
2025-10-25 14:22:03,55.62,0xff,0x58,0x00,0x2b,0x15,0xba,"ff 58 00 2b 15 ba 00 00"
2025-10-25 14:22:03,55.43,0xff,0x58,0x00,0x2b,0x15,0xa7,"ff 58 00 2b 15 a7 00 00"
2025-10-25 14:22:03,55.25,0xff,0x58,0x00,0x2b,0x15,0x95,"ff 58 00 2b 15 95 00 00"
2025-10-25 14:22:03,55.12,0xff,0x58,0x00,0x2b,0x15,0x88,"ff 58 00 2b 15 88 00 00"
2025-10-25 14:22:03,54.93,0xff,0x58,0x00,0x2b,0x15,0x75,"ff 58 00 2b 15 75 00 00"
2025-10-25 14:22:03,54.75,0xff,0x58,0x00,0x2b,0x15,0x63,"ff 58 00 2b 15 63 00 00"
2025-10-25 14:22:03,54.56,0xff,0x58,0x00,0x2b,0x15,0x50,"ff 58 00 2b 15 50 00 00"
2025-10-25 14:22:03,54.31,0xff,0x58,0x00,0x2b,0x15,0x37,"ff 58 00 2b 15 37 00 00"
2025-10-25 14:22:03,54.12,0xff,0x58,0x00,0x2b,0x15,0x24,"ff 58 00 2b 15 24 00 00"
2025-10-25 14:22:03,54,0xff,0x58,0x00,0x2b,0x15,0x18,"ff 58 00 2b 15 18 00 00"
2025-10-25 14:22:03,53.81,0xff,0x58,0x00,0x32,0x15,0x05,"ff 58 00 32 15 05 00 00"
2025-10-25 14:22:03,53.62,0xff,0x58,0x00,0x32,0x14,0xf2,"ff 58 00 32 14 f2 00 00"
2025-10-25 14:22:03,53.37,0xff,0x58,0x00,0x32,0x14,0xd9,"ff 58 00 32 14 d9 00 00"
2025-10-25 14:22:03,53.18,0xff,0x58,0x00,0x32,0x14,0xc6,"ff 58 00 32 14 c6 00 00"
2025-10-25 14:22:03,53.06,0xff,0x58,0x00,0x32,0x14,0xba,"ff 58 00 32 14 ba 00 00"
2025-10-25 14:22:03,52.81,0xff,0x58,0x00,0x32,0x14,0xa1,"ff 58 00 32 14 a1 00 00"
2025-10-25 14:22:03,52.56,0xff,0x5e,0x00,0x32,0x14,0x88,"ff 5e 00 32 14 88 00 00"
2025-10-25 14:22:03,52.37,0xff,0x5e,0x00,0x32,0x14,0x75,"ff 5e 00 32 14 75 00 00"
2025-10-25 14:22:03,52.12,0xff,0x5e,0x00,0x32,0x14,0x5c,"ff 5e 00 32 14 5c 00 00"
2025-10-25 14:22:03,51.75,0xff,0x5e,0x00,0x38,0x14,0x37,"ff 5e 00 38 14 37 00 00"
2025-10-25 14:22:03,51.62,0xff,0x5e,0x00,0x38,0x14,0x2a,"ff 5e 00 38 14 2a 00 00"
2025-10-25 14:22:03,51.37,0xff,0x5e,0x00,0x38,0x14,0x11,"ff 5e 00 38 14 11 00 00"
2025-10-25 14:22:03,51.12,0xff,0x5e,0x00,0x38,0x13,0xf8,"ff 5e 00 38 13 f8 00 00"
2025-10-25 14:22:03,50.87,0xff,0x5e,0x00,0x38,0x13,0xdf,"ff 5e 00 38 13 df 00 00"
2025-10-25 14:22:03,50.62,0xff,0x5e,0x00,0x38,0x13,0xc6,"ff 5e 00 38 13 c6 00 00"
2025-10-25 14:22:04,50.43,0xff,0x5e,0x00,0x38,0x13,0xb3,"ff 5e 00 38 13 b3 00 00"
2025-10-25 14:22:04,50.06,0xff,0x5e,0x00,0x38,0x13,0x8e,"ff 5e 00 38 13 8e 00 00"
2025-10-25 14:22:04,49.93,0xff,0x5e,0x00,0x38,0x13,0x81,"ff 5e 00 38 13 81 00 00"
2025-10-25 14:22:04,49.68,0xff,0x5e,0x00,0x38,0x13,0x68,"ff 5e 00 38 13 68 00 00"
2025-10-25 14:22:04,49.43,0xff,0x5e,0x00,0x3e,0x13,0x4f,"ff 5e 00 3e 13 4f 00 00"
2025-10-25 14:22:04,49.12,0xff,0x5e,0x00,0x3e,0x13,0x30,"ff 5e 00 3e 13 30 00 00"
2025-10-25 14:22:04,48.87,0xff,0x5e,0x00,0x3e,0x13,0x17,"ff 5e 00 3e 13 17 00 00"
2025-10-25 14:22:04,48.75,0xff,0x5e,0x00,0x3e,0x13,0x0b,"ff 5e 00 3e 13 0b 00 00"
2025-10-25 14:22:04,48.5,0xff,0x5e,0x00,0x3e,0x12,0xf2,"ff 5e 00 3e 12 f2 00 00"
2025-10-25 14:22:04,48.18,0xff,0x5e,0x00,0x3e,0x12,0xd2,"ff 5e 00 3e 12 d2 00 00"
2025-10-25 14:22:04,47.93,0xff,0x5e,0x00,0x3e,0x12,0xb9,"ff 5e 00 3e 12 b9 00 00"
2025-10-25 14:22:04,47.62,0xff,0x5e,0x00,0x3e,0x12,0x9a,"ff 5e 00 3e 12 9a 00 00"
2025-10-25 14:22:04,47.5,0xff,0x5e,0x00,0x44,0x12,0x8e,"ff 5e 00 44 12 8e 00 00"
2025-10-25 14:22:04,47.18,0xff,0x5e,0x00,0x44,0x12,0x6e,"ff 5e 00 44 12 6e 00 00"
2025-10-25 14:22:04,46.93,0xff,0x64,0x00,0x44,0x12,0x55,"ff 64 00 44 12 55 00 00"
2025-10-25 14:22:04,46.62,0xff,0x64,0x00,0x44,0x12,0x36,"ff 64 00 44 12 36 00 00"
2025-10-25 14:22:04,46.18,0xff,0x64,0x00,0x44,0x12,0x0a,"ff 64 00 44 12 0a 00 00"
2025-10-25 14:22:04,45.93,0xff,0x64,0x00,0x44,0x11,0xf1,"ff 64 00 44 11 f1 00 00"
2025-10-25 14:22:04,45.81,0xff,0x64,0x00,0x44,0x11,0xe5,"ff 64 00 44 11 e5 00 00"
2025-10-25 14:22:04,45.5,0xff,0x64,0x00,0x44,0x11,0xc6,"ff 64 00 44 11 c6 00 00"
2025-10-25 14:22:04,45.25,0xff,0x64,0x00,0x44,0x11,0xad,"ff 64 00 44 11 ad 00 00"
2025-10-25 14:22:04,45,0xff,0x64,0x00,0x3e,0x11,0x94,"ff 64 00 3e 11 94 00 00"
2025-10-25 14:22:04,44.75,0xff,0x5e,0x00,0x3e,0x11,0x7b,"ff 5e 00 3e 11 7b 00 00"
2025-10-25 14:22:04,44.43,0xff,0x5e,0x00,0x3e,0x11,0x5b,"ff 5e 00 3e 11 5b 00 00"
2025-10-25 14:22:04,44.18,0xff,0x5e,0x00,0x3e,0x11,0x42,"ff 5e 00 3e 11 42 00 00"
2025-10-25 14:22:04,44.06,0xff,0x5e,0x00,0x3e,0x11,0x36,"ff 5e 00 3e 11 36 00 00"
2025-10-25 14:22:04,43.81,0xff,0x5e,0x00,0x3e,0x11,0x1d,"ff 5e 00 3e 11 1d 00 00"
2025-10-25 14:22:04,43.56,0xff,0x5e,0x00,0x3e,0x11,0x04,"ff 5e 00 3e 11 04 00 00"
2025-10-25 14:22:04,43.31,0xff,0x5e,0x00,0x3e,0x10,0xeb,"ff 5e 00 3e 10 eb 00 00"
2025-10-25 14:22:04,43.06,0xff,0x64,0x00,0x3e,0x10,0xd2,"ff 64 00 3e 10 d2 00 00"
2025-10-25 14:22:04,42.93,0xff,0x64,0x00,0x3e,0x10,0xc5,"ff 64 00 3e 10 c5 00 00"
2025-10-25 14:22:04,42.75,0xff,0x64,0x00,0x3e,0x10,0xb3,"ff 64 00 3e 10 b3 00 00"
2025-10-25 14:22:04,42.5,0xff,0x64,0x00,0x38,0x10,0x9a,"ff 64 00 38 10 9a 00 00"
2025-10-25 14:22:04,42.25,0xff,0x64,0x00,0x38,0x10,0x81,"ff 64 00 38 10 81 00 00"
2025-10-25 14:22:04,42,0xff,0x64,0x00,0x38,0x10,0x68,"ff 64 00 38 10 68 00 00"
2025-10-25 14:22:04,41.93,0xff,0x64,0x00,0x38,0x10,0x61,"ff 64 00 38 10 61 00 00"
2025-10-25 14:22:04,41.68,0xff,0x64,0x00,0x38,0x10,0x48,"ff 64 00 38 10 48 00 00"
2025-10-25 14:22:04,41.43,0xff,0x64,0x00,0x38,0x10,0x2f,"ff 64 00 38 10 2f 00 00"
2025-10-25 14:22:04,41.06,0xff,0x64,0x00,0x38,0x10,0x0a,"ff 64 00 38 10 0a 00 00"
2025-10-25 14:22:04,40.75,0xff,0x64,0x00,0x38,0x0f,0xeb,"ff 64 00 38 0f eb 00 00"
2025-10-25 14:22:04,40.62,0xff,0x64,0x00,0x38,0x0f,0xde,"ff 64 00 38 0f de 00 00"
2025-10-25 14:22:04,40.37,0xff,0x64,0x00,0x3e,0x0f,0xc5,"ff 64 00 3e 0f c5 00 00"
2025-10-25 14:22:04,40.12,0xff,0x64,0x00,0x3e,0x0f,0xac,"ff 64 00 3e 0f ac 00 00"
2025-10-25 14:22:04,39.87,0xff,0x64,0x00,0x3e,0x0f,0x93,"ff 64 00 3e 0f 93 00 00"
2025-10-25 14:22:04,39.62,0xff,0x64,0x00,0x3e,0x0f,0x7a,"ff 64 00 3e 0f 7a 00 00"
2025-10-25 14:22:04,39.43,0xff,0x64,0x00,0x3e,0x0f,0x67,"ff 64 00 3e 0f 67 00 00"
2025-10-25 14:22:04,39.18,0xff,0x64,0x00,0x3e,0x0f,0x4e,"ff 64 00 3e 0f 4e 00 00"
2025-10-25 14:22:04,38.93,0xff,0x64,0x00,0x3e,0x0f,0x35,"ff 64 00 3e 0f 35 00 00"
2025-10-25 14:22:04,38.62,0xff,0x64,0x00,0x3e,0x0f,0x16,"ff 64 00 3e 0f 16 00 00"
2025-10-25 14:22:04,38.37,0xff,0x64,0x00,0x3e,0x0e,0xfd,"ff 64 00 3e 0e fd 00 00"
2025-10-25 14:22:04,38.18,0xff,0x64,0x00,0x44,0x0e,0xea,"ff 64 00 44 0e ea 00 00"
2025-10-25 14:22:04,37.93,0xff,0x64,0x00,0x44,0x0e,0xd1,"ff 64 00 44 0e d1 00 00"
2025-10-25 14:22:04,37.62,0xff,0x64,0x00,0x44,0x0e,0xb2,"ff 64 00 44 0e b2 00 00"
2025-10-25 14:22:04,37.31,0xff,0x64,0x00,0x44,0x0e,0x93,"ff 64 00 44 0e 93 00 00"
2025-10-25 14:22:05,37,0xff,0x64,0x00,0x44,0x0e,0x74,"ff 64 00 44 0e 74 00 00"
2025-10-25 14:22:05,36.75,0xff,0x64,0x00,0x44,0x0e,0x5b,"ff 64 00 44 0e 5b 00 00"
2025-10-25 14:22:05,36.62,0xff,0x64,0x00,0x44,0x0e,0x4e,"ff 64 00 44 0e 4e 00 00"
2025-10-25 14:22:05,36.31,0xff,0x64,0x00,0x3e,0x0e,0x2f,"ff 64 00 3e 0e 2f 00 00"
2025-10-25 14:22:05,36,0xff,0x64,0x00,0x3e,0x0e,0x10,"ff 64 00 3e 0e 10 00 00"
2025-10-25 14:22:05,28.07,0xff,0x64,0x00,0x3e,0x0a,0xf7,"ff 64 00 3e 0a f7 00 00"
2025-10-25 14:22:05,27.63,0xff,0x64,0x00,0x3e,0x0a,0xcb,"ff 64 00 3e 0a cb 00 00"
2025-10-25 14:22:05,27.5,0xff,0x64,0x00,0x3e,0x0a,0xbe,"ff 64 00 3e 0a be 00 00"
2025-10-25 14:22:05,27.25,0xff,0x64,0x00,0x38,0x0a,0xa5,"ff 64 00 38 0a a5 00 00"
2025-10-25 14:22:05,27,0xff,0x64,0x00,0x38,0x0a,0x8c,"ff 64 00 38 0a 8c 00 00"
2025-10-25 14:22:05,26.75,0xff,0x64,0x00,0x32,0x0a,0x73,"ff 64 00 32 0a 73 00 00"
2025-10-25 14:22:05,26.5,0xff,0x6a,0x00,0x32,0x0a,0x5a,"ff 6a 00 32 0a 5a 00 00"
2025-10-25 14:22:05,26.38,0xff,0x6a,0x00,0x32,0x0a,0x4e,"ff 6a 00 32 0a 4e 00 00"
2025-10-25 14:22:05,26.13,0xff,0x6a,0x00,0x2b,0x0a,0x35,"ff 6a 00 2b 0a 35 00 00"
2025-10-25 14:22:05,25.88,0xff,0x6a,0x00,0x2b,0x0a,0x1c,"ff 6a 00 2b 0a 1c 00 00"
2025-10-25 14:22:05,25.69,0xff,0x64,0x00,0x2b,0x0a,0x09,"ff 64 00 2b 0a 09 00 00"
2025-10-25 14:22:05,33.12,0xff,0x64,0x00,0x2b,0x0c,0xf0,"ff 64 00 2b 0c f0 00 00"
2025-10-25 14:22:05,33,0xff,0x64,0x00,0x2b,0x0c,0xe4,"ff 64 00 2b 0c e4 00 00"
2025-10-25 14:22:05,32.81,0xff,0x64,0x00,0x2b,0x0c,0xd1,"ff 64 00 2b 0c d1 00 00"
2025-10-25 14:22:05,32.62,0xff,0x64,0x00,0x2b,0x0c,0xbe,"ff 64 00 2b 0c be 00 00"
2025-10-25 14:22:05,32.43,0xff,0x64,0x00,0x2b,0x0c,0xab,"ff 64 00 2b 0c ab 00 00"
2025-10-25 14:22:05,32.25,0xff,0x64,0x00,0x2b,0x0c,0x99,"ff 64 00 2b 0c 99 00 00"
2025-10-25 14:22:05,32.12,0xff,0x64,0x00,0x2b,0x0c,0x8c,"ff 64 00 2b 0c 8c 00 00"
2025-10-25 14:22:05,31.93,0xff,0x64,0x00,0x2b,0x0c,0x79,"ff 64 00 2b 0c 79 00 00"
2025-10-25 14:22:05,31.75,0xff,0x64,0x00,0x2b,0x0c,0x67,"ff 64 00 2b 0c 67 00 00"
2025-10-25 14:22:05,31.62,0xff,0x64,0x00,0x2b,0x0c,0x5a,"ff 64 00 2b 0c 5a 00 00"
2025-10-25 14:22:05,31.43,0xff,0x64,0x00,0x25,0x0c,0x47,"ff 64 00 25 0c 47 00 00"
2025-10-25 14:22:05,31.25,0xff,0x64,0x00,0x25,0x0c,0x35,"ff 64 00 25 0c 35 00 00"
2025-10-25 14:22:05,30.75,0xff,0x64,0x00,0x2b,0x0c,0x03,"ff 64 00 2b 0c 03 00 00"
2025-10-25 14:22:05,30.68,0xff,0x64,0x00,0x2b,0x0b,0xfc,"ff 64 00 2b 0b fc 00 00"
2025-10-25 14:22:05,30.5,0xff,0x64,0x00,0x2b,0x0b,0xea,"ff 64 00 2b 0b ea 00 00"
2025-10-25 14:22:05,30.31,0xff,0x64,0x00,0x2b,0x0b,0xd7,"ff 64 00 2b 0b d7 00 00"
2025-10-25 14:22:05,30.12,0xff,0x64,0x00,0x2b,0x0b,0xc4,"ff 64 00 2b 0b c4 00 00"
2025-10-25 14:22:05,29.87,0xff,0x64,0x00,0x2b,0x0b,0xab,"ff 64 00 2b 0b ab 00 00"
2025-10-25 14:22:05,29.81,0xff,0x64,0x00,0x2b,0x0b,0xa5,"ff 64 00 2b 0b a5 00 00"
2025-10-25 14:22:05,29.62,0xff,0x64,0x00,0x2b,0x0b,0x92,"ff 64 00 2b 0b 92 00 00"
2025-10-25 14:22:05,29.37,0xff,0x64,0x00,0x2b,0x0b,0x79,"ff 64 00 2b 0b 79 00 00"
2025-10-25 14:22:05,29.18,0xff,0x64,0x00,0x2b,0x0b,0x66,"ff 64 00 2b 0b 66 00 00"
2025-10-25 14:22:05,29,0xff,0x64,0x00,0x2b,0x0b,0x54,"ff 64 00 2b 0b 54 00 00"
2025-10-25 14:22:05,28.87,0xff,0x64,0x00,0x2b,0x0b,0x47,"ff 64 00 2b 0b 47 00 00"
2025-10-25 14:22:05,28.68,0xff,0x64,0x00,0x2b,0x0b,0x34,"ff 64 00 2b 0b 34 00 00"
2025-10-25 14:22:05,28.5,0xff,0x64,0x00,0x2b,0x0b,0x22,"ff 64 00 2b 0b 22 00 00"
2025-10-25 14:22:05,28.25,0xff,0x64,0x00,0x2b,0x0b,0x09,"ff 64 00 2b 0b 09 00 00"
2025-10-25 14:22:05,28.06,0xff,0x64,0x00,0x2b,0x0a,0xf6,"ff 64 00 2b 0a f6 00 00"
2025-10-25 14:22:05,27.81,0xff,0x64,0x00,0x2b,0x0a,0xdd,"ff 64 00 2b 0a dd 00 00"
2025-10-25 14:22:05,27.75,0xff,0x64,0x00,0x2b,0x0a,0xd7,"ff 64 00 2b 0a d7 00 00"
2025-10-25 14:22:05,27.5,0xff,0x64,0x00,0x2b,0x0a,0xbe,"ff 64 00 2b 0a be 00 00"
2025-10-25 14:22:05,27.25,0xff,0x64,0x00,0x2b,0x0a,0xa5,"ff 64 00 2b 0a a5 00 00"
2025-10-25 14:22:05,27.06,0xff,0x64,0x00,0x32,0x0a,0x92,"ff 64 00 32 0a 92 00 00"
2025-10-25 14:22:05,26.68,0xff,0x64,0x00,0x32,0x0a,0x6c,"ff 64 00 32 0a 6c 00 00"
2025-10-25 14:22:05,26.43,0xff,0x64,0x00,0x32,0x0a,0x53,"ff 64 00 32 0a 53 00 00"
2025-10-25 14:22:05,26.31,0xff,0x64,0x00,0x32,0x0a,0x47,"ff 64 00 32 0a 47 00 00"
2025-10-25 14:22:06,26.06,0xff,0x64,0x00,0x32,0x0a,0x2e,"ff 64 00 32 0a 2e 00 00"
2025-10-25 14:22:06,25.87,0xff,0x64,0x00,0x32,0x0a,0x1b,"ff 64 00 32 0a 1b 00 00"
2025-10-25 14:22:06,25.62,0xff,0x64,0x00,0x32,0x0a,0x02,"ff 64 00 32 0a 02 00 00"
2025-10-25 14:22:06,25.37,0xff,0x64,0x00,0x32,0x09,0xe9,"ff 64 00 32 09 e9 00 00"
2025-10-25 14:22:06,25.25,0xff,0x64,0x00,0x32,0x09,0xdd,"ff 64 00 32 09 dd 00 00"
2025-10-25 14:22:06,25.06,0xff,0x64,0x00,0x32,0x09,0xca,"ff 64 00 32 09 ca 00 00"
2025-10-25 14:22:06,24.81,0xff,0x5e,0x00,0x32,0x09,0xb1,"ff 5e 00 32 09 b1 00 00"
2025-10-25 14:22:06,24.56,0xff,0x5e,0x00,0x2b,0x09,0x98,"ff 5e 00 2b 09 98 00 00"
2025-10-25 14:22:06,24.31,0xff,0x5e,0x00,0x32,0x09,0x7f,"ff 5e 00 32 09 7f 00 00"
2025-10-25 14:22:06,24.18,0xff,0x5e,0x00,0x32,0x09,0x72,"ff 5e 00 32 09 72 00 00"
2025-10-25 14:22:06,23.93,0xff,0x5e,0x00,0x32,0x09,0x59,"ff 5e 00 32 09 59 00 00"
2025-10-25 14:22:06,23.68,0xff,0x5e,0x00,0x32,0x09,0x40,"ff 5e 00 32 09 40 00 00"
2025-10-25 14:22:06,23.43,0xff,0x5e,0x00,0x32,0x09,0x27,"ff 5e 00 32 09 27 00 00"
2025-10-25 14:22:06,23.18,0xff,0x5e,0x00,0x32,0x09,0x0e,"ff 5e 00 32 09 0e 00 00"
2025-10-25 14:22:06,23.06,0xff,0x5e,0x00,0x32,0x09,0x02,"ff 5e 00 32 09 02 00 00"
2025-10-25 14:22:06,22.81,0xff,0x5e,0x00,0x32,0x08,0xe9,"ff 5e 00 32 08 e9 00 00"
2025-10-25 14:22:06,22.56,0xff,0x5e,0x00,0x32,0x08,0xd0,"ff 5e 00 32 08 d0 00 00"
2025-10-25 14:22:06,22.31,0xff,0x5e,0x00,0x32,0x08,0xb7,"ff 5e 00 32 08 b7 00 00"
2025-10-25 14:22:06,22.06,0xff,0x5e,0x00,0x32,0x08,0x9e,"ff 5e 00 32 08 9e 00 00"
2025-10-25 14:22:06,21.93,0xff,0x5e,0x00,0x32,0x08,0x91,"ff 5e 00 32 08 91 00 00"
2025-10-25 14:22:06,21.56,0xff,0x5e,0x00,0x32,0x08,0x6c,"ff 5e 00 32 08 6c 00 00"
2025-10-25 14:22:06,21.31,0xff,0x5e,0x00,0x32,0x08,0x53,"ff 5e 00 32 08 53 00 00"
2025-10-25 14:22:06,21.06,0xff,0x5e,0x00,0x32,0x08,0x3a,"ff 5e 00 32 08 3a 00 00"
2025-10-25 14:22:06,20.81,0xff,0x5e,0x00,0x32,0x08,0x21,"ff 5e 00 32 08 21 00 00"
2025-10-25 14:22:06,20.68,0xff,0x5e,0x00,0x32,0x08,0x14,"ff 5e 00 32 08 14 00 00"
2025-10-25 14:22:06,20.43,0xff,0x5e,0x00,0x32,0x07,0xfb,"ff 5e 00 32 07 fb 00 00"
2025-10-25 14:22:06,20.18,0xff,0x5e,0x00,0x32,0x07,0xe2,"ff 5e 00 32 07 e2 00 00"
2025-10-25 14:22:06,19.93,0xff,0x5e,0x00,0x32,0x07,0xc9,"ff 5e 00 32 07 c9 00 00"
2025-10-25 14:22:06,19.68,0xff,0x5e,0x00,0x32,0x07,0xb0,"ff 5e 00 32 07 b0 00 00"
2025-10-25 14:22:06,19.5,0xff,0x5e,0x00,0x32,0x07,0x9e,"ff 5e 00 32 07 9e 00 00"
2025-10-25 14:22:06,19.25,0xff,0x5e,0x00,0x32,0x07,0x85,"ff 5e 00 32 07 85 00 00"
2025-10-25 14:22:06,19.12,0xff,0x5e,0x00,0x32,0x07,0x78,"ff 5e 00 32 07 78 00 00"
2025-10-25 14:22:06,18.87,0xff,0x5e,0x00,0x32,0x07,0x5f,"ff 5e 00 32 07 5f 00 00"
2025-10-25 14:22:06,18.62,0xff,0x5e,0x00,0x32,0x07,0x46,"ff 5e 00 32 07 46 00 00"
2025-10-25 14:22:06,18.37,0xff,0x5e,0x00,0x32,0x07,0x2d,"ff 5e 00 32 07 2d 00 00"
2025-10-25 14:22:06,18.12,0xff,0x5e,0x00,0x32,0x07,0x14,"ff 5e 00 32 07 14 00 00"
2025-10-25 14:22:06,18,0xff,0x5e,0x00,0x32,0x07,0x08,"ff 5e 00 32 07 08 00 00"
2025-10-25 14:22:06,17.75,0xff,0x5e,0x00,0x32,0x06,0xef,"ff 5e 00 32 06 ef 00 00"
2025-10-25 14:22:06,17.5,0xff,0x5e,0x00,0x32,0x06,0xd6,"ff 5e 00 32 06 d6 00 00"
2025-10-25 14:22:06,17.25,0xff,0x5e,0x00,0x32,0x06,0xbd,"ff 5e 00 32 06 bd 00 00"
2025-10-25 14:22:06,17.06,0xff,0x5e,0x00,0x32,0x06,0xaa,"ff 5e 00 32 06 aa 00 00"
2025-10-25 14:22:06,16.93,0xff,0x5e,0x00,0x32,0x06,0x9d,"ff 5e 00 32 06 9d 00 00"
2025-10-25 14:22:06,16.56,0xff,0x5e,0x00,0x32,0x06,0x78,"ff 5e 00 32 06 78 00 00"
2025-10-25 14:22:06,16.43,0xff,0x5e,0x00,0x32,0x06,0x6b,"ff 5e 00 32 06 6b 00 00"
2025-10-25 14:22:06,16.18,0xff,0x5e,0x00,0x38,0x06,0x52,"ff 5e 00 38 06 52 00 00"
2025-10-25 14:22:06,15.93,0xff,0x5e,0x00,0x38,0x06,0x39,"ff 5e 00 38 06 39 00 00"
2025-10-25 14:22:06,15.75,0xff,0x5e,0x00,0x38,0x06,0x27,"ff 5e 00 38 06 27 00 00"
2025-10-25 14:22:06,15.5,0xff,0x5e,0x00,0x38,0x06,0x0e,"ff 5e 00 38 06 0e 00 00"
2025-10-25 14:22:06,15.25,0xff,0x5e,0x00,0x38,0x05,0xf5,"ff 5e 00 38 05 f5 00 00"
2025-10-25 14:22:06,15,0xff,0x5e,0x00,0x38,0x05,0xdc,"ff 5e 00 38 05 dc 00 00"
2025-10-25 14:22:06,14.81,0xff,0x5e,0x00,0x32,0x05,0xc9,"ff 5e 00 32 05 c9 00 00"
2025-10-25 14:22:06,14.68,0xff,0x58,0x00,0x32,0x05,0xbc,"ff 58 00 32 05 bc 00 00"
2025-10-25 14:22:06,14.43,0xff,0x58,0x00,0x32,0x05,0xa3,"ff 58 00 32 05 a3 00 00"
2025-10-25 14:22:06,14.25,0xff,0x58,0x00,0x32,0x05,0x91,"ff 58 00 32 05 91 00 00"
2025-10-25 14:22:07,14,0xff,0x58,0x00,0x32,0x05,0x78,"ff 58 00 32 05 78 00 00"
2025-10-25 14:22:07,13.81,0xff,0x58,0x00,0x32,0x05,0x65,"ff 58 00 32 05 65 00 00"
2025-10-25 14:22:07,13.68,0xff,0x58,0x00,0x32,0x05,0x58,"ff 58 00 32 05 58 00 00"
2025-10-25 14:22:07,13.5,0xff,0x58,0x00,0x32,0x05,0x46,"ff 58 00 32 05 46 00 00"
2025-10-25 14:22:07,13.31,0xff,0x58,0x00,0x32,0x05,0x33,"ff 58 00 32 05 33 00 00"
2025-10-25 14:22:07,13.12,0xff,0x58,0x00,0x2b,0x05,0x20,"ff 58 00 2b 05 20 00 00"
2025-10-25 14:22:07,13,0xff,0x58,0x00,0x2b,0x05,0x14,"ff 58 00 2b 05 14 00 00"
2025-10-25 14:22:07,12.87,0xff,0x58,0x00,0x2b,0x05,0x07,"ff 58 00 2b 05 07 00 00"
2025-10-25 14:22:07,12.75,0xff,0x58,0x00,0x2b,0x04,0xfb,"ff 58 00 2b 04 fb 00 00"
2025-10-25 14:22:07,12.56,0xff,0x58,0x00,0x25,0x04,0xe8,"ff 58 00 25 04 e8 00 00"
2025-10-25 14:22:07,12.37,0xff,0x58,0x00,0x25,0x04,0xd5,"ff 58 00 25 04 d5 00 00"
2025-10-25 14:22:07,12.25,0xff,0x58,0x00,0x25,0x04,0xc9,"ff 58 00 25 04 c9 00 00"
2025-10-25 14:22:07,12.12,0xff,0x58,0x00,0x25,0x04,0xbc,"ff 58 00 25 04 bc 00 00"
2025-10-25 14:22:07,12,0xff,0x58,0x00,0x25,0x04,0xb0,"ff 58 00 25 04 b0 00 00"
2025-10-25 14:22:07,11.87,0xff,0x58,0x00,0x25,0x04,0xa3,"ff 58 00 25 04 a3 00 00"
2025-10-25 14:22:07,11.75,0xff,0x58,0x00,0x25,0x04,0x97,"ff 58 00 25 04 97 00 00"
2025-10-25 14:22:07,11.62,0xff,0x58,0x00,0x25,0x04,0x8a,"ff 58 00 25 04 8a 00 00"
2025-10-25 14:22:07,11.56,0xff,0x58,0x00,0x25,0x04,0x84,"ff 58 00 25 04 84 00 00"
2025-10-25 14:22:07,11.43,0xff,0x58,0x00,0x25,0x04,0x77,"ff 58 00 25 04 77 00 00"
2025-10-25 14:22:07,11.31,0xff,0x58,0x00,0x25,0x04,0x6b,"ff 58 00 25 04 6b 00 00"
2025-10-25 14:22:07,11.18,0xff,0x58,0x00,0x25,0x04,0x5e,"ff 58 00 25 04 5e 00 00"
2025-10-25 14:22:07,11.12,0xff,0x58,0x00,0x25,0x04,0x58,"ff 58 00 25 04 58 00 00"
2025-10-25 14:22:07,11.06,0xff,0x58,0x00,0x25,0x04,0x52,"ff 58 00 25 04 52 00 00"
2025-10-25 14:22:07,10.93,0xff,0x58,0x00,0x25,0x04,0x45,"ff 58 00 25 04 45 00 00"
2025-10-25 14:22:07,10.87,0xff,0x58,0x00,0x1f,0x04,0x3f,"ff 58 00 1f 04 3f 00 00"
2025-10-25 14:22:07,10.81,0xff,0x58,0x00,0x1f,0x04,0x39,"ff 58 00 1f 04 39 00 00"
2025-10-25 14:22:07,10.75,0xff,0x58,0x00,0x1f,0x04,0x33,"ff 58 00 1f 04 33 00 00"
2025-10-25 14:22:07,10.75,0xff,0x58,0x00,0x19,0x04,0x33,"ff 58 00 19 04 33 00 00"
2025-10-25 14:22:07,10.68,0xff,0x51,0x00,0x12,0x04,0x2c,"ff 51 00 12 04 2c 00 00"
2025-10-25 14:22:07,10.68,0xff,0x51,0x00,0x12,0x04,0x2c,"ff 51 00 12 04 2c 00 00"
2025-10-25 14:22:07,10.62,0xff,0x4b,0x00,0x0c,0x04,0x26,"ff 4b 00 0c 04 26 00 00"
2025-10-25 14:22:07,10.62,0xff,0x4b,0x00,0x0c,0x04,0x26,"ff 4b 00 0c 04 26 00 00"
2025-10-25 14:22:07,10.62,0xff,0x45,0x00,0x06,0x04,0x26,"ff 45 00 06 04 26 00 00"
2025-10-25 14:22:07,10.62,0xff,0x45,0x00,0x06,0x04,0x26,"ff 45 00 06 04 26 00 00"
2025-10-25 14:22:07,10.62,0xff,0x45,0x00,0x00,0x04,0x26,"ff 45 00 00 04 26 00 00"
2025-10-25 14:22:07,10.62,0xff,0x45,0x00,0x00,0x04,0x26,"ff 45 00 00 04 26 00 00"
2025-10-25 14:22:07,10.68,0xff,0x45,0x00,0x00,0x04,0x2c,"ff 45 00 00 04 2c 00 00"
2025-10-25 14:22:07,10.75,0xff,0x45,0x00,0x00,0x04,0x33,"ff 45 00 00 04 33 00 00"
2025-10-25 14:22:07,10.75,0xff,0x45,0x00,0x00,0x04,0x33,"ff 45 00 00 04 33 00 00"
2025-10-25 14:22:07,10.81,0xff,0x45,0x00,0x00,0x04,0x39,"ff 45 00 00 04 39 00 00"
2025-10-25 14:22:07,10.87,0xff,0x45,0x00,0x00,0x04,0x3f,"ff 45 00 00 04 3f 00 00"
2025-10-25 14:22:07,11,0xff,0x45,0x00,0x00,0x04,0x4c,"ff 45 00 00 04 4c 00 00"
2025-10-25 14:22:07,11.06,0xff,0x45,0x00,0x00,0x04,0x52,"ff 45 00 00 04 52 00 00"
2025-10-25 14:22:07,11.12,0xff,0x45,0x00,0x00,0x04,0x58,"ff 45 00 00 04 58 00 00"
2025-10-25 14:22:07,11.18,0xff,0x45,0x00,0x00,0x04,0x5e,"ff 45 00 00 04 5e 00 00"
2025-10-25 14:22:07,11.25,0xff,0x45,0x00,0x00,0x04,0x65,"ff 45 00 00 04 65 00 00"
2025-10-25 14:22:07,11.31,0xff,0x45,0x00,0x00,0x04,0x6b,"ff 45 00 00 04 6b 00 00"
2025-10-25 14:22:07,11.31,0xff,0x45,0x00,0x00,0x04,0x6b,"ff 45 00 00 04 6b 00 00"
2025-10-25 14:22:07,11.37,0xff,0x45,0x00,0x00,0x04,0x71,"ff 45 00 00 04 71 00 00"
2025-10-25 14:22:07,11.37,0xff,0x45,0xff,0xfa,0x04,0x71,"ff 45 ff fa 04 71 00 00"
2025-10-25 14:22:07,11.43,0xff,0x45,0xff,0xfa,0x04,0x77,"ff 45 ff fa 04 77 00 00"
2025-10-25 14:22:07,11.43,0xff,0x45,0x00,0x00,0x04,0x77,"ff 45 00 00 04 77 00 00"
2025-10-25 14:22:07,11.5,0xff,0x45,0x00,0x00,0x04,0x7e,"ff 45 00 00 04 7e 00 00"
2025-10-25 14:22:07,11.5,0xff,0x45,0x00,0x00,0x04,0x7e,"ff 45 00 00 04 7e 00 00"
2025-10-25 14:22:08,11.56,0xff,0x4b,0x00,0x00,0x04,0x84,"ff 4b 00 00 04 84 00 00"
2025-10-25 14:22:08,11.62,0xff,0x4b,0x00,0x00,0x04,0x8a,"ff 4b 00 00 04 8a 00 00"
2025-10-25 14:22:08,11.68,0xff,0x4b,0x00,0x00,0x04,0x90,"ff 4b 00 00 04 90 00 00"
2025-10-25 14:22:08,11.75,0xff,0x4b,0x00,0x00,0x04,0x97,"ff 4b 00 00 04 97 00 00"
2025-10-25 14:22:08,11.81,0xff,0x4b,0x00,0x00,0x04,0x9d,"ff 4b 00 00 04 9d 00 00"
2025-10-25 14:22:08,11.87,0xff,0x4b,0x00,0x00,0x04,0xa3,"ff 4b 00 00 04 a3 00 00"
2025-10-25 14:22:08,11.93,0xff,0x45,0x00,0x00,0x04,0xa9,"ff 45 00 00 04 a9 00 00"
2025-10-25 14:22:08,12,0xff,0x45,0x00,0x00,0x04,0xb0,"ff 45 00 00 04 b0 00 00"
2025-10-25 14:22:08,12.06,0xff,0x45,0x00,0x00,0x04,0xb6,"ff 45 00 00 04 b6 00 00"
2025-10-25 14:22:08,12.06,0xff,0x45,0xff,0xfa,0x04,0xb6,"ff 45 ff fa 04 b6 00 00"
2025-10-25 14:22:08,12.12,0xff,0x4b,0xff,0xfa,0x04,0xbc,"ff 4b ff fa 04 bc 00 00"
2025-10-25 14:22:08,12.12,0xff,0x4b,0xff,0xfa,0x04,0xbc,"ff 4b ff fa 04 bc 00 00"
2025-10-25 14:22:08,12.18,0xff,0x4b,0xff,0xfa,0x04,0xc2,"ff 4b ff fa 04 c2 00 00"
2025-10-25 14:22:08,12.18,0xff,0x4b,0xff,0xfa,0x04,0xc2,"ff 4b ff fa 04 c2 00 00"
2025-10-25 14:22:08,12.25,0xff,0x45,0xff,0xfa,0x04,0xc9,"ff 45 ff fa 04 c9 00 00"
2025-10-25 14:22:08,12.31,0xff,0x45,0xff,0xfa,0x04,0xcf,"ff 45 ff fa 04 cf 00 00"
2025-10-25 14:22:08,12.31,0xff,0x45,0xff,0xfa,0x04,0xcf,"ff 45 ff fa 04 cf 00 00"
2025-10-25 14:22:08,12.37,0xff,0x45,0x00,0x00,0x04,0xd5,"ff 45 00 00 04 d5 00 00"
2025-10-25 14:22:08,12.43,0xff,0x45,0x00,0x00,0x04,0xdb,"ff 45 00 00 04 db 00 00"
2025-10-25 14:22:08,12.5,0xff,0x45,0x00,0x00,0x04,0xe2,"ff 45 00 00 04 e2 00 00"
2025-10-25 14:22:08,12.56,0xff,0x45,0x00,0x00,0x04,0xe8,"ff 45 00 00 04 e8 00 00"
2025-10-25 14:22:08,12.56,0xff,0x45,0x00,0x00,0x04,0xe8,"ff 45 00 00 04 e8 00 00"
2025-10-25 14:22:08,12.62,0xff,0x45,0xff,0xfa,0x04,0xee,"ff 45 ff fa 04 ee 00 00"
2025-10-25 14:22:08,12.68,0xff,0x45,0xff,0xfa,0x04,0xf4,"ff 45 ff fa 04 f4 00 00"
2025-10-25 14:22:08,12.75,0xff,0x45,0xff,0xfa,0x04,0xfb,"ff 45 ff fa 04 fb 00 00"
2025-10-25 14:22:08,12.81,0xff,0x45,0xff,0xfa,0x05,0x01,"ff 45 ff fa 05 01 00 00"
2025-10-25 14:22:08,12.81,0xff,0x45,0xff,0xfa,0x05,0x01,"ff 45 ff fa 05 01 00 00"
2025-10-25 14:22:08,12.87,0xff,0x45,0xff,0xf4,0x05,0x07,"ff 45 ff f4 05 07 00 00"
2025-10-25 14:22:08,12.9,0xff,0x45,0xff,0xf4,0x05,0x0a,"ff 45 ff f4 05 0a 00 00"
2025-10-25 14:22:08,13,0xff,0x45,0xff,0xf4,0x05,0x14,"ff 45 ff f4 05 14 00 00"
2025-10-25 14:22:08,13.12,0xff,0x45,0xff,0xf4,0x05,0x20,"ff 45 ff f4 05 20 00 00"
2025-10-25 14:22:08,13.18,0xff,0x45,0xff,0xf4,0x05,0x26,"ff 45 ff f4 05 26 00 00"
2025-10-25 14:22:08,13.25,0xff,0x45,0xff,0xf4,0x05,0x2d,"ff 45 ff f4 05 2d 00 00"
2025-10-25 14:22:08,13.37,0xff,0x45,0xff,0xf4,0x05,0x39,"ff 45 ff f4 05 39 00 00"
2025-10-25 14:22:08,13.5,0xff,0x45,0xff,0xf4,0x05,0x46,"ff 45 ff f4 05 46 00 00"
2025-10-25 14:22:08,13.62,0xff,0x45,0xff,0xf4,0x05,0x52,"ff 45 ff f4 05 52 00 00"
2025-10-25 14:22:08,13.75,0xff,0x45,0xff,0xf4,0x05,0x5f,"ff 45 ff f4 05 5f 00 00"
2025-10-25 14:22:08,13.81,0xff,0x45,0xff,0xf4,0x05,0x65,"ff 45 ff f4 05 65 00 00"
2025-10-25 14:22:08,13.93,0xff,0x45,0xff,0xee,0x05,0x71,"ff 45 ff ee 05 71 00 00"
2025-10-25 14:22:08,14.06,0xff,0x45,0xff,0xee,0x05,0x7e,"ff 45 ff ee 05 7e 00 00"
2025-10-25 14:22:08,14.12,0xff,0x45,0xff,0xee,0x05,0x84,"ff 45 ff ee 05 84 00 00"
2025-10-25 14:22:08,14.25,0xff,0x4b,0xff,0xee,0x05,0x91,"ff 4b ff ee 05 91 00 00"
2025-10-25 14:22:08,14.37,0xff,0x4b,0xff,0xee,0x05,0x9d,"ff 4b ff ee 05 9d 00 00"
2025-10-25 14:22:08,14.43,0xff,0x4b,0xff,0xee,0x05,0xa3,"ff 4b ff ee 05 a3 00 00"
2025-10-25 14:22:08,14.56,0xff,0x4b,0xff,0xee,0x05,0xb0,"ff 4b ff ee 05 b0 00 00"
2025-10-25 14:22:08,14.68,0xff,0x4b,0xff,0xee,0x05,0xbc,"ff 4b ff ee 05 bc 00 00"
2025-10-25 14:22:08,14.75,0xff,0x4b,0xff,0xee,0x05,0xc3,"ff 4b ff ee 05 c3 00 00"
2025-10-25 14:22:08,14.87,0xff,0x45,0xff,0xee,0x05,0xcf,"ff 45 ff ee 05 cf 00 00"
2025-10-25 14:22:08,15,0xff,0x45,0xff,0xee,0x05,0xdc,"ff 45 ff ee 05 dc 00 00"
2025-10-25 14:22:08,15.06,0xff,0x45,0xff,0xee,0x05,0xe2,"ff 45 ff ee 05 e2 00 00"
2025-10-25 14:22:08,15.18,0xff,0x45,0xff,0xee,0x05,0xee,"ff 45 ff ee 05 ee 00 00"
2025-10-25 14:22:08,15.31,0xff,0x45,0xff,0xee,0x05,0xfb,"ff 45 ff ee 05 fb 00 00"
2025-10-25 14:22:08,15.43,0xff,0x45,0xff,0xee,0x06,0x07,"ff 45 ff ee 06 07 00 00"
2025-10-25 14:22:08,15.56,0xff,0x45,0xff,0xee,0x06,0x14,"ff 45 ff ee 06 14 00 00"
2025-10-25 14:22:09,15.62,0xff,0x45,0xff,0xee,0x06,0x1a,"ff 45 ff ee 06 1a 00 00"
2025-10-25 14:22:09,15.75,0xff,0x4b,0xff,0xe7,0x06,0x27,"ff 4b ff e7 06 27 00 00"
2025-10-25 14:22:09,15.87,0xff,0x4b,0xff,0xe7,0x06,0x33,"ff 4b ff e7 06 33 00 00"
2025-10-25 14:22:09,16,0xff,0x4b,0xff,0xe7,0x06,0x40,"ff 4b ff e7 06 40 00 00"
2025-10-25 14:22:09,16.12,0xff,0x4b,0xff,0xe7,0x06,0x4c,"ff 4b ff e7 06 4c 00 00"
2025-10-25 14:22:09,16.25,0xff,0x4b,0xff,0xe7,0x06,0x59,"ff 4b ff e7 06 59 00 00"
2025-10-25 14:22:09,16.37,0xff,0x4b,0xff,0xe7,0x06,0x65,"ff 4b ff e7 06 65 00 00"
2025-10-25 14:22:09,16.5,0xff,0x4b,0xff,0xe7,0x06,0x72,"ff 4b ff e7 06 72 00 00"
2025-10-25 14:22:09,16.62,0xff,0x4b,0xff,0xe7,0x06,0x7e,"ff 4b ff e7 06 7e 00 00"
2025-10-25 14:22:09,16.81,0xff,0x4b,0xff,0xe1,0x06,0x91,"ff 4b ff e1 06 91 00 00"
2025-10-25 14:22:09,16.93,0xff,0x4b,0xff,0xe1,0x06,0x9d,"ff 4b ff e1 06 9d 00 00"
2025-10-25 14:22:09,17,0xff,0x4b,0xff,0xe1,0x06,0xa4,"ff 4b ff e1 06 a4 00 00"
2025-10-25 14:22:09,17.18,0xff,0x4b,0xff,0xe1,0x06,0xb6,"ff 4b ff e1 06 b6 00 00"
2025-10-25 14:22:09,17.37,0xff,0x4b,0xff,0xe1,0x06,0xc9,"ff 4b ff e1 06 c9 00 00"
2025-10-25 14:22:09,17.62,0xff,0x4b,0xff,0xe1,0x06,0xe2,"ff 4b ff e1 06 e2 00 00"
2025-10-25 14:22:09,17.68,0xff,0x4b,0xff,0xe1,0x06,0xe8,"ff 4b ff e1 06 e8 00 00"
2025-10-25 14:22:09,17.87,0xff,0x4b,0xff,0xe1,0x06,0xfb,"ff 4b ff e1 06 fb 00 00"
2025-10-25 14:22:09,18.06,0xff,0x4b,0xff,0xe1,0x07,0x0e,"ff 4b ff e1 07 0e 00 00"
2025-10-25 14:22:09,18.18,0xff,0x4b,0xff,0xe1,0x07,0x1a,"ff 4b ff e1 07 1a 00 00"
2025-10-25 14:22:09,18.37,0xff,0x4b,0xff,0xe1,0x07,0x2d,"ff 4b ff e1 07 2d 00 00"
2025-10-25 14:22:09,18.43,0xff,0x4b,0xff,0xe1,0x07,0x33,"ff 4b ff e1 07 33 00 00"
2025-10-25 14:22:09,18.62,0xff,0x4b,0xff,0xe1,0x07,0x46,"ff 4b ff e1 07 46 00 00"
2025-10-25 14:22:09,18.75,0xff,0x4b,0xff,0xdb,0x07,0x53,"ff 4b ff db 07 53 00 00"
2025-10-25 14:22:09,18.87,0xff,0x4b,0xff,0xdb,0x07,0x5f,"ff 4b ff db 07 5f 00 00"
2025-10-25 14:22:09,19.06,0xff,0x4b,0xff,0xdb,0x07,0x72,"ff 4b ff db 07 72 00 00"
2025-10-25 14:22:09,19.12,0xff,0x4b,0xff,0xdb,0x07,0x78,"ff 4b ff db 07 78 00 00"
2025-10-25 14:22:09,19.25,0xff,0x4b,0xff,0xdb,0x07,0x85,"ff 4b ff db 07 85 00 00"
2025-10-25 14:22:09,19.43,0xff,0x4b,0xff,0xdb,0x07,0x97,"ff 4b ff db 07 97 00 00"
2025-10-25 14:22:09,19.56,0xff,0x4b,0xff,0xdb,0x07,0xa4,"ff 4b ff db 07 a4 00 00"
2025-10-25 14:22:09,19.68,0xff,0x4b,0xff,0xdb,0x07,0xb0,"ff 4b ff db 07 b0 00 00"
2025-10-25 14:22:09,19.81,0xff,0x4b,0xff,0xdb,0x07,0xbd,"ff 4b ff db 07 bd 00 00"
2025-10-25 14:22:09,19.93,0xff,0x4b,0xff,0xdb,0x07,0xc9,"ff 4b ff db 07 c9 00 00"
2025-10-25 14:22:09,20,0xff,0x4b,0xff,0xdb,0x07,0xd0,"ff 4b ff db 07 d0 00 00"
2025-10-25 14:22:09,20.12,0xff,0x4b,0xff,0xdb,0x07,0xdc,"ff 4b ff db 07 dc 00 00"
2025-10-25 14:22:09,20.31,0xff,0x4b,0xff,0xdb,0x07,0xef,"ff 4b ff db 07 ef 00 00"
2025-10-25 14:22:09,20.43,0xff,0x4b,0xff,0xdb,0x07,0xfb,"ff 4b ff db 07 fb 00 00"
2025-10-25 14:22:09,20.56,0xff,0x4b,0xff,0xdb,0x08,0x08,"ff 4b ff db 08 08 00 00"
2025-10-25 14:22:09,20.75,0xff,0x4b,0xff,0xd5,0x08,0x1b,"ff 4b ff d5 08 1b 00 00"
2025-10-25 14:22:09,20.81,0xff,0x4b,0xff,0xd5,0x08,0x21,"ff 4b ff d5 08 21 00 00"
2025-10-25 14:22:09,20.93,0xff,0x4b,0xff,0xd5,0x08,0x2d,"ff 4b ff d5 08 2d 00 00"
2025-10-25 14:22:09,21.06,0xff,0x4b,0xff,0xd5,0x08,0x3a,"ff 4b ff d5 08 3a 00 00"
2025-10-25 14:22:09,21.25,0xff,0x4b,0xff,0xd5,0x08,0x4d,"ff 4b ff d5 08 4d 00 00"
2025-10-25 14:22:09,21.37,0xff,0x4b,0xff,0xd5,0x08,0x59,"ff 4b ff d5 08 59 00 00"
2025-10-25 14:22:09,21.43,0xff,0x4b,0xff,0xd5,0x08,0x5f,"ff 4b ff d5 08 5f 00 00"
2025-10-25 14:22:09,21.56,0xff,0x4b,0xff,0xd5,0x08,0x6c,"ff 4b ff d5 08 6c 00 00"
2025-10-25 14:22:09,21.68,0xff,0x4b,0xff,0xd5,0x08,0x78,"ff 4b ff d5 08 78 00 00"
2025-10-25 14:22:09,21.81,0xff,0x4b,0xff,0xd5,0x08,0x85,"ff 4b ff d5 08 85 00 00"
2025-10-25 14:22:09,21.93,0xff,0x4b,0xff,0xd5,0x08,0x91,"ff 4b ff d5 08 91 00 00"
2025-10-25 14:22:09,22.06,0xff,0x4b,0xff,0xd5,0x08,0x9e,"ff 4b ff d5 08 9e 00 00"
2025-10-25 14:22:09,22.12,0xff,0x4b,0xff,0xd5,0x08,0xa4,"ff 4b ff d5 08 a4 00 00"
2025-10-25 14:22:09,22.25,0xff,0x4b,0xff,0xd5,0x08,0xb1,"ff 4b ff d5 08 b1 00 00"
2025-10-25 14:22:09,22.37,0xff,0x4b,0xff,0xd5,0x08,0xbd,"ff 4b ff d5 08 bd 00 00"
2025-10-25 14:22:09,22.56,0xff,0x4b,0xff,0xd5,0x08,0xd0,"ff 4b ff d5 08 d0 00 00"
2025-10-25 14:22:09,22.68,0xff,0x4b,0xff,0xce,0x08,0xdc,"ff 4b ff ce 08 dc 00 00"
2025-10-25 14:22:10,22.75,0xff,0x4b,0xff,0xce,0x08,0xe3,"ff 4b ff ce 08 e3 00 00"
2025-10-25 14:22:10,22.87,0xff,0x4b,0xff,0xce,0x08,0xef,"ff 4b ff ce 08 ef 00 00"
2025-10-25 14:22:10,23,0xff,0x4b,0xff,0xce,0x08,0xfc,"ff 4b ff ce 08 fc 00 00"
2025-10-25 14:22:10,23.12,0xff,0x4b,0xff,0xce,0x09,0x08,"ff 4b ff ce 09 08 00 00"
2025-10-25 14:22:10,23.31,0xff,0x4b,0xff,0xce,0x09,0x1b,"ff 4b ff ce 09 1b 00 00"
2025-10-25 14:22:10,23.43,0xff,0x4b,0xff,0xce,0x09,0x27,"ff 4b ff ce 09 27 00 00"
2025-10-25 14:22:10,23.56,0xff,0x4b,0xff,0xce,0x09,0x34,"ff 4b ff ce 09 34 00 00"
2025-10-25 14:22:10,23.68,0xff,0x4b,0xff,0xce,0x09,0x40,"ff 4b ff ce 09 40 00 00"
2025-10-25 14:22:10,23.81,0xff,0x4b,0xff,0xce,0x09,0x4d,"ff 4b ff ce 09 4d 00 00"
2025-10-25 14:22:10,24,0xff,0x4b,0xff,0xce,0x09,0x60,"ff 4b ff ce 09 60 00 00"
2025-10-25 14:22:10,24.06,0xff,0x4b,0xff,0xce,0x09,0x66,"ff 4b ff ce 09 66 00 00"
2025-10-25 14:22:10,24.18,0xff,0x4b,0xff,0xce,0x09,0x72,"ff 4b ff ce 09 72 00 00"
2025-10-25 14:22:10,24.31,0xff,0x4b,0xff,0xce,0x09,0x7f,"ff 4b ff ce 09 7f 00 00"
2025-10-25 14:22:10,24.5,0xff,0x51,0xff,0xce,0x09,0x92,"ff 51 ff ce 09 92 00 00"
2025-10-25 14:22:10,24.62,0xff,0x51,0xff,0xc8,0x09,0x9e,"ff 51 ff c8 09 9e 00 00"
2025-10-25 14:22:10,24.75,0xff,0x51,0xff,0xc8,0x09,0xab,"ff 51 ff c8 09 ab 00 00"
2025-10-25 14:22:10,24.87,0xff,0x51,0xff,0xc8,0x09,0xb7,"ff 51 ff c8 09 b7 00 00"
2025-10-25 14:22:10,25.06,0xff,0x51,0xff,0xc8,0x09,0xca,"ff 51 ff c8 09 ca 00 00"
2025-10-25 14:22:10,25.18,0xff,0x51,0xff,0xc8,0x09,0xd6,"ff 51 ff c8 09 d6 00 00"
2025-10-25 14:22:10,25.56,0xff,0x51,0xff,0xc8,0x09,0xfc,"ff 51 ff c8 09 fc 00 00"
2025-10-25 14:22:10,25.68,0xff,0x51,0xff,0xc8,0x0a,0x08,"ff 51 ff c8 0a 08 00 00"
2025-10-25 14:22:10,25.81,0xff,0x51,0xff,0xc8,0x0a,0x15,"ff 51 ff c8 0a 15 00 00"
2025-10-25 14:22:10,25.93,0xff,0x51,0xff,0xc8,0x0a,0x21,"ff 51 ff c8 0a 21 00 00"
2025-10-25 14:22:10,26.12,0xff,0x51,0xff,0xc8,0x0a,0x34,"ff 51 ff c8 0a 34 00 00"
2025-10-25 14:22:10,26.31,0xff,0x51,0xff,0xc8,0x0a,0x47,"ff 51 ff c8 0a 47 00 00"
2025-10-25 14:22:10,26.56,0xff,0x51,0xff,0xc2,0x0a,0x60,"ff 51 ff c2 0a 60 00 00"
2025-10-25 14:22:10,26.68,0xff,0x51,0xff,0xc2,0x0a,0x6c,"ff 51 ff c2 0a 6c 00 00"
2025-10-25 14:22:10,26.87,0xff,0x51,0xff,0xc2,0x0a,0x7f,"ff 51 ff c2 0a 7f 00 00"
2025-10-25 14:22:10,27,0xff,0x51,0xff,0xc2,0x0a,0x8c,"ff 51 ff c2 0a 8c 00 00"
2025-10-25 14:22:10,27.18,0xff,0x51,0xff,0xc2,0x0a,0x9e,"ff 51 ff c2 0a 9e 00 00"
2025-10-25 14:22:10,27.37,0xff,0x51,0xff,0xc2,0x0a,0xb1,"ff 51 ff c2 0a b1 00 00"
2025-10-25 14:22:10,27.56,0xff,0x51,0xff,0xc2,0x0a,0xc4,"ff 51 ff c2 0a c4 00 00"
2025-10-25 14:22:10,27.75,0xff,0x51,0xff,0xc2,0x0a,0xd7,"ff 51 ff c2 0a d7 00 00"
2025-10-25 14:22:10,27.93,0xff,0x51,0xff,0xc2,0x0a,0xe9,"ff 51 ff c2 0a e9 00 00"
2025-10-25 14:22:10,28.12,0xff,0x51,0xff,0xc2,0x0a,0xfc,"ff 51 ff c2 0a fc 00 00"
2025-10-25 14:22:10,28.18,0xff,0x51,0xff,0xc2,0x0b,0x02,"ff 51 ff c2 0b 02 00 00"
2025-10-25 14:22:10,28.37,0xff,0x51,0xff,0xc2,0x0b,0x15,"ff 51 ff c2 0b 15 00 00"
2025-10-25 14:22:10,28.56,0xff,0x51,0xff,0xbc,0x0b,0x28,"ff 51 ff bc 0b 28 00 00"
2025-10-25 14:22:10,28.75,0xff,0x51,0xff,0xbc,0x0b,0x3b,"ff 51 ff bc 0b 3b 00 00"
2025-10-25 14:22:10,28.81,0xff,0x51,0xff,0xbc,0x0b,0x41,"ff 51 ff bc 0b 41 00 00"
2025-10-25 14:22:10,29,0xff,0x51,0xff,0xc2,0x0b,0x54,"ff 51 ff c2 0b 54 00 00"
2025-10-25 14:22:10,29.18,0xff,0x51,0xff,0xc2,0x0b,0x66,"ff 51 ff c2 0b 66 00 00"
2025-10-25 14:22:10,29.37,0xff,0x51,0xff,0xc2,0x0b,0x79,"ff 51 ff c2 0b 79 00 00"
2025-10-25 14:22:10,29.56,0xff,0x51,0xff,0xc2,0x0b,0x8c,"ff 51 ff c2 0b 8c 00 00"
2025-10-25 14:22:10,29.68,0xff,0x51,0xff,0xc2,0x0b,0x98,"ff 51 ff c2 0b 98 00 00"
2025-10-25 14:22:10,29.87,0xff,0x51,0xff,0xc2,0x0b,0xab,"ff 51 ff c2 0b ab 00 00"
2025-10-25 14:22:10,30.06,0xff,0x51,0xff,0xbc,0x0b,0xbe,"ff 51 ff bc 0b be 00 00"
2025-10-25 14:22:10,30.31,0xff,0x51,0xff,0xbc,0x0b,0xd7,"ff 51 ff bc 0b d7 00 00"
2025-10-25 14:22:10,30.5,0xff,0x51,0xff,0xbc,0x0b,0xea,"ff 51 ff bc 0b ea 00 00"
2025-10-25 14:22:10,30.56,0xff,0x51,0xff,0xbc,0x0b,0xf0,"ff 51 ff bc 0b f0 00 00"
2025-10-25 14:22:10,30.75,0xff,0x51,0xff,0xbc,0x0c,0x03,"ff 51 ff bc 0c 03 00 00"
2025-10-25 14:22:10,30.87,0xff,0x51,0xff,0xbc,0x0c,0x0f,"ff 51 ff bc 0c 0f 00 00"
2025-10-25 14:22:10,31.06,0xff,0x51,0xff,0xc2,0x0c,0x22,"ff 51 ff c2 0c 22 00 00"
2025-10-25 14:22:11,31.18,0xff,0x51,0xff,0xc2,0x0c,0x2e,"ff 51 ff c2 0c 2e 00 00"
2025-10-25 14:22:11,31.25,0xff,0x51,0xff,0xc2,0x0c,0x35,"ff 51 ff c2 0c 35 00 00"
2025-10-25 14:22:11,31.43,0xff,0x51,0xff,0xc8,0x0c,0x47,"ff 51 ff c8 0c 47 00 00"
2025-10-25 14:22:11,31.62,0xff,0x51,0xff,0xc8,0x0c,0x5a,"ff 51 ff c8 0c 5a 00 00"
2025-10-25 14:22:11,31.75,0xff,0x51,0xff,0xc8,0x0c,0x67,"ff 51 ff c8 0c 67 00 00"
2025-10-25 14:22:11,31.93,0xff,0x58,0xff,0xce,0x0c,0x79,"ff 58 ff ce 0c 79 00 00"
2025-10-25 14:22:11,32,0xff,0x58,0xff,0xc8,0x0c,0x80,"ff 58 ff c8 0c 80 00 00"
2025-10-25 14:22:11,32.12,0xff,0x58,0xff,0xc8,0x0c,0x8c,"ff 58 ff c8 0c 8c 00 00"
2025-10-25 14:22:11,32.25,0xff,0x58,0xff,0xc8,0x0c,0x99,"ff 58 ff c8 0c 99 00 00"
2025-10-25 14:22:11,32.43,0xff,0x58,0xff,0xc8,0x0c,0xab,"ff 58 ff c8 0c ab 00 00"
2025-10-25 14:22:11,32.56,0xff,0x58,0xff,0xc8,0x0c,0xb8,"ff 58 ff c8 0c b8 00 00"
2025-10-25 14:22:11,32.62,0xff,0x58,0xff,0xc8,0x0c,0xbe,"ff 58 ff c8 0c be 00 00"
2025-10-25 14:22:11,32.75,0xff,0x58,0xff,0xc8,0x0c,0xcb,"ff 58 ff c8 0c cb 00 00"
2025-10-25 14:22:11,32.87,0xff,0x51,0xff,0xc8,0x0c,0xd7,"ff 51 ff c8 0c d7 00 00"
2025-10-25 14:22:11,33,0xff,0x51,0xff,0xc8,0x0c,0xe4,"ff 51 ff c8 0c e4 00 00"
2025-10-25 14:22:11,33.12,0xff,0x51,0xff,0xc8,0x0c,0xf0,"ff 51 ff c8 0c f0 00 00"
2025-10-25 14:22:11,33.18,0xff,0x58,0xff,0xc8,0x0c,0xf6,"ff 58 ff c8 0c f6 00 00"
2025-10-25 14:22:11,25.69,0xff,0x58,0xff,0xce,0x0a,0x09,"ff 58 ff ce 0a 09 00 00"
2025-10-25 14:22:11,25.88,0xff,0x58,0xff,0xce,0x0a,0x1c,"ff 58 ff ce 0a 1c 00 00"
2025-10-25 14:22:11,26,0xff,0x58,0xff,0xce,0x0a,0x28,"ff 58 ff ce 0a 28 00 00"
2025-10-25 14:22:11,26.07,0xff,0x58,0xff,0xce,0x0a,0x2f,"ff 58 ff ce 0a 2f 00 00"
2025-10-25 14:22:11,26.19,0xff,0x58,0xff,0xce,0x0a,0x3b,"ff 58 ff ce 0a 3b 00 00"
2025-10-25 14:22:11,26.32,0xff,0x58,0xff,0xce,0x0a,0x48,"ff 58 ff ce 0a 48 00 00"
2025-10-25 14:22:11,26.44,0xff,0x58,0xff,0xce,0x0a,0x54,"ff 58 ff ce 0a 54 00 00"
2025-10-25 14:22:11,26.57,0xff,0x58,0xff,0xce,0x0a,0x61,"ff 58 ff ce 0a 61 00 00"
2025-10-25 14:22:11,26.63,0xff,0x58,0xff,0xce,0x0a,0x67,"ff 58 ff ce 0a 67 00 00"
2025-10-25 14:22:11,26.69,0xff,0x58,0xff,0xce,0x0a,0x6d,"ff 58 ff ce 0a 6d 00 00"
2025-10-25 14:22:11,26.82,0xff,0x58,0xff,0xce,0x0a,0x7a,"ff 58 ff ce 0a 7a 00 00"
2025-10-25 14:22:11,26.94,0xff,0x58,0xff,0xce,0x0a,0x86,"ff 58 ff ce 0a 86 00 00"
2025-10-25 14:22:11,27.07,0xff,0x58,0xff,0xce,0x0a,0x93,"ff 58 ff ce 0a 93 00 00"
2025-10-25 14:22:11,27.19,0xff,0x58,0xff,0xce,0x0a,0x9f,"ff 58 ff ce 0a 9f 00 00"
2025-10-25 14:22:11,27.25,0xff,0x58,0xff,0xce,0x0a,0xa5,"ff 58 ff ce 0a a5 00 00"
2025-10-25 14:22:11,27.38,0xff,0x58,0xff,0xce,0x0a,0xb2,"ff 58 ff ce 0a b2 00 00"
2025-10-25 14:22:11,27.5,0xff,0x58,0xff,0xc8,0x0a,0xbe,"ff 58 ff c8 0a be 00 00"
2025-10-25 14:22:11,27.57,0xff,0x58,0xff,0xc8,0x0a,0xc5,"ff 58 ff c8 0a c5 00 00"
2025-10-25 14:22:11,27.69,0xff,0x58,0xff,0xc8,0x0a,0xd1,"ff 58 ff c8 0a d1 00 00"
2025-10-25 14:22:11,27.82,0xff,0x58,0xff,0xc8,0x0a,0xde,"ff 58 ff c8 0a de 00 00"
2025-10-25 14:22:11,27.94,0xff,0x58,0xff,0xc8,0x0a,0xea,"ff 58 ff c8 0a ea 00 00"
2025-10-25 14:22:11,28.07,0xff,0x58,0xff,0xc8,0x0a,0xf7,"ff 58 ff c8 0a f7 00 00"
2025-10-25 14:22:11,35.87,0xff,0x58,0xff,0xc8,0x0e,0x03,"ff 58 ff c8 0e 03 00 00"
2025-10-25 14:22:11,36,0xff,0x58,0xff,0xc8,0x0e,0x10,"ff 58 ff c8 0e 10 00 00"
2025-10-25 14:22:11,36.12,0xff,0x58,0xff,0xc8,0x0e,0x1c,"ff 58 ff c8 0e 1c 00 00"
2025-10-25 14:22:11,36.18,0xff,0x58,0xff,0xc8,0x0e,0x22,"ff 58 ff c8 0e 22 00 00"
2025-10-25 14:22:11,36.31,0xff,0x58,0xff,0xc8,0x0e,0x2f,"ff 58 ff c8 0e 2f 00 00"
2025-10-25 14:22:11,36.37,0xff,0x58,0xff,0xce,0x0e,0x35,"ff 58 ff ce 0e 35 00 00"
2025-10-25 14:22:11,36.5,0xff,0x58,0xff,0xce,0x0e,0x42,"ff 58 ff ce 0e 42 00 00"
2025-10-25 14:22:11,36.62,0xff,0x58,0xff,0xce,0x0e,0x4e,"ff 58 ff ce 0e 4e 00 00"
2025-10-25 14:22:11,36.75,0xff,0x58,0xff,0xce,0x0e,0x5b,"ff 58 ff ce 0e 5b 00 00"
2025-10-25 14:22:11,36.87,0xff,0x58,0xff,0xce,0x0e,0x67,"ff 58 ff ce 0e 67 00 00"
2025-10-25 14:22:11,36.93,0xff,0x58,0xff,0xc8,0x0e,0x6d,"ff 58 ff c8 0e 6d 00 00"
2025-10-25 14:22:11,37,0xff,0x58,0xff,0xc8,0x0e,0x74,"ff 58 ff c8 0e 74 00 00"
2025-10-25 14:22:11,37.12,0xff,0x58,0xff,0xc8,0x0e,0x80,"ff 58 ff c8 0e 80 00 00"
2025-10-25 14:22:11,37.25,0xff,0x58,0xff,0xc8,0x0e,0x8d,"ff 58 ff c8 0e 8d 00 00"
2025-10-25 14:22:11,37.37,0xff,0x58,0xff,0xc8,0x0e,0x99,"ff 58 ff c8 0e 99 00 00"
2025-10-25 14:22:12,37.43,0xff,0x58,0xff,0xc8,0x0e,0x9f,"ff 58 ff c8 0e 9f 00 00"
2025-10-25 14:22:12,37.56,0xff,0x58,0xff,0xc8,0x0e,0xac,"ff 58 ff c8 0e ac 00 00"
2025-10-25 14:22:12,37.68,0xff,0x58,0xff,0xc8,0x0e,0xb8,"ff 58 ff c8 0e b8 00 00"
2025-10-25 14:22:12,37.81,0xff,0x58,0xff,0xc8,0x0e,0xc5,"ff 58 ff c8 0e c5 00 00"
2025-10-25 14:22:12,38,0xff,0x58,0xff,0xc8,0x0e,0xd8,"ff 58 ff c8 0e d8 00 00"
2025-10-25 14:22:12,38.06,0xff,0x58,0xff,0xc8,0x0e,0xde,"ff 58 ff c8 0e de 00 00"
2025-10-25 14:22:12,38.18,0xff,0x58,0xff,0xc8,0x0e,0xea,"ff 58 ff c8 0e ea 00 00"
2025-10-25 14:22:12,38.37,0xff,0x58,0xff,0xc8,0x0e,0xfd,"ff 58 ff c8 0e fd 00 00"
2025-10-25 14:22:12,38.62,0xff,0x58,0xff,0xc8,0x0f,0x16,"ff 58 ff c8 0f 16 00 00"
2025-10-25 14:22:12,38.75,0xff,0x58,0xff,0xc8,0x0f,0x23,"ff 58 ff c8 0f 23 00 00"
2025-10-25 14:22:12,38.87,0xff,0x58,0xff,0xc8,0x0f,0x2f,"ff 58 ff c8 0f 2f 00 00"
2025-10-25 14:22:12,39.06,0xff,0x58,0xff,0xc8,0x0f,0x42,"ff 58 ff c8 0f 42 00 00"
2025-10-25 14:22:12,39.25,0xff,0x58,0xff,0xc2,0x0f,0x55,"ff 58 ff c2 0f 55 00 00"
2025-10-25 14:22:12,39.43,0xff,0x58,0xff,0xc2,0x0f,0x67,"ff 58 ff c2 0f 67 00 00"
2025-10-25 14:22:12,39.68,0xff,0x58,0xff,0xc2,0x0f,0x80,"ff 58 ff c2 0f 80 00 00"
2025-10-25 14:22:12,39.75,0xff,0x58,0xff,0xc2,0x0f,0x87,"ff 58 ff c2 0f 87 00 00"
2025-10-25 14:22:12,40,0xff,0x58,0xff,0xc2,0x0f,0xa0,"ff 58 ff c2 0f a0 00 00"
2025-10-25 14:22:12,40.18,0xff,0x58,0xff,0xc2,0x0f,0xb2,"ff 58 ff c2 0f b2 00 00"
2025-10-25 14:22:12,40.43,0xff,0x58,0xff,0xc2,0x0f,0xcb,"ff 58 ff c2 0f cb 00 00"
2025-10-25 14:22:12,40.68,0xff,0x58,0xff,0xc2,0x0f,0xe4,"ff 58 ff c2 0f e4 00 00"
2025-10-25 14:22:12,40.81,0xff,0x58,0xff,0xc2,0x0f,0xf1,"ff 58 ff c2 0f f1 00 00"
2025-10-25 14:22:12,41.06,0xff,0x58,0xff,0xc2,0x10,0x0a,"ff 58 ff c2 10 0a 00 00"
2025-10-25 14:22:12,41.31,0xff,0x58,0xff,0xbc,0x10,0x23,"ff 58 ff bc 10 23 00 00"
2025-10-25 14:22:12,41.56,0xff,0x58,0xff,0xbc,0x10,0x3c,"ff 58 ff bc 10 3c 00 00"
2025-10-25 14:22:12,41.81,0xff,0x5e,0xff,0xbc,0x10,0x55,"ff 5e ff bc 10 55 00 00"
2025-10-25 14:22:12,42.06,0xff,0x5e,0xff,0xbc,0x10,0x6e,"ff 5e ff bc 10 6e 00 00"
2025-10-25 14:22:12,42.18,0xff,0x5e,0xff,0xbc,0x10,0x7a,"ff 5e ff bc 10 7a 00 00"
2025-10-25 14:22:12,42.56,0xff,0x58,0xff,0xbc,0x10,0xa0,"ff 58 ff bc 10 a0 00 00"
2025-10-25 14:22:12,42.68,0xff,0x58,0xff,0xbc,0x10,0xac,"ff 58 ff bc 10 ac 00 00"
2025-10-25 14:22:12,42.81,0xff,0x51,0xff,0xbc,0x10,0xb9,"ff 51 ff bc 10 b9 00 00"
2025-10-25 14:22:12,43.06,0xff,0x4b,0xff,0xc2,0x10,0xd2,"ff 4b ff c2 10 d2 00 00"
2025-10-25 14:22:12,43.18,0xff,0x51,0xff,0xc2,0x10,0xde,"ff 51 ff c2 10 de 00 00"
2025-10-25 14:22:12,43.31,0xff,0x51,0xff,0xc2,0x10,0xeb,"ff 51 ff c2 10 eb 00 00"
2025-10-25 14:22:12,43.37,0xff,0x51,0xff,0xc8,0x10,0xf1,"ff 51 ff c8 10 f1 00 00"
2025-10-25 14:22:12,43.43,0xff,0x51,0xff,0xc2,0x10,0xf7,"ff 51 ff c2 10 f7 00 00"
2025-10-25 14:22:12,43.56,0xff,0x51,0xff,0xc2,0x11,0x04,"ff 51 ff c2 11 04 00 00"
2025-10-25 14:22:12,43.62,0xff,0x5e,0xff,0xe1,0x11,0x0a,"ff 5e ff e1 11 0a 00 00"
2025-10-25 14:22:12,43.75,0xff,0x64,0xff,0xfa,0x11,0x17,"ff 64 ff fa 11 17 00 00"
2025-10-25 14:22:12,43.81,0xff,0x64,0xff,0xfa,0x11,0x1d,"ff 64 ff fa 11 1d 00 00"
2025-10-25 14:22:12,43.81,0xff,0x64,0xff,0xfa,0x11,0x1d,"ff 64 ff fa 11 1d 00 00"
2025-10-25 14:22:12,43.87,0xff,0x64,0xff,0xf4,0x11,0x23,"ff 64 ff f4 11 23 00 00"
2025-10-25 14:22:12,43.93,0xff,0x64,0xff,0xf4,0x11,0x29,"ff 64 ff f4 11 29 00 00"
2025-10-25 14:22:12,44,0xff,0x64,0xff,0xf4,0x11,0x30,"ff 64 ff f4 11 30 00 00"
2025-10-25 14:22:12,44,0xff,0x64,0xff,0xee,0x11,0x30,"ff 64 ff ee 11 30 00 00"
2025-10-25 14:22:12,44,0xff,0x64,0xff,0xee,0x11,0x30,"ff 64 ff ee 11 30 00 00"
2025-10-25 14:22:12,44,0xff,0x64,0xff,0xee,0x11,0x30,"ff 64 ff ee 11 30 00 00"
2025-10-25 14:22:12,43.93,0xff,0x64,0xff,0xf4,0x11,0x29,"ff 64 ff f4 11 29 00 00"
2025-10-25 14:22:12,43.93,0xff,0x64,0xff,0xf4,0x11,0x29,"ff 64 ff f4 11 29 00 00"
2025-10-25 14:22:12,43.87,0xff,0x64,0xff,0xf4,0x11,0x23,"ff 64 ff f4 11 23 00 00"
2025-10-25 14:22:12,43.87,0xff,0x64,0xff,0xf4,0x11,0x23,"ff 64 ff f4 11 23 00 00"
2025-10-25 14:22:12,43.87,0xff,0x64,0xff,0xf4,0x11,0x23,"ff 64 ff f4 11 23 00 00"
2025-10-25 14:22:12,43.87,0xff,0x5e,0xff,0xf4,0x11,0x23,"ff 5e ff f4 11 23 00 00"
2025-10-25 14:22:12,43.87,0xff,0x5e,0xff,0xf4,0x11,0x23,"ff 5e ff f4 11 23 00 00"
2025-10-25 14:22:13,43.87,0xff,0x5e,0xff,0xf4,0x11,0x23,"ff 5e ff f4 11 23 00 00"
2025-10-25 14:22:13,43.93,0xff,0x5e,0xff,0xf4,0x11,0x29,"ff 5e ff f4 11 29 00 00"
2025-10-25 14:22:13,43.93,0xff,0x5e,0xff,0xf4,0x11,0x29,"ff 5e ff f4 11 29 00 00"
2025-10-25 14:22:13,43.93,0xff,0x5e,0xff,0xf4,0x11,0x29,"ff 5e ff f4 11 29 00 00"
2025-10-25 14:22:13,43.93,0xff,0x5e,0xff,0xf4,0x11,0x29,"ff 5e ff f4 11 29 00 00"
2025-10-25 14:22:13,43.93,0xff,0x58,0xff,0xf4,0x11,0x29,"ff 58 ff f4 11 29 00 00"
